,Borough,areaType,2015-01,2015-02,2015-03,2015-04,2015-05,2015-06,2015-07,2015-08,2015-09,2015-10,2015-11,2015-12,2016-01,2016-02,2016-03,2016-04,2016-05,2016-06,2016-07,2016-08,2016-09,2016-10,2016-11,2016-12,2017-01,2017-02,2017-03,2017-04,2017-05,2017-06,2017-07,2017-08,2017-09,2017-10,2017-11,2017-12,2018-01,2018-02,2018-03,2018-04,2018-05,2018-06,2018-07,2018-08,2018-09,2018-10,2018-11,2018-12,2019-01,2019-02,2019-03,2019-04,2019-05,2019-06,2019-07,2019-08,2019-09,2019-10,2019-11,2019-12,2020-01,2020-02,2020-03,2020-04,2020-05,2020-06,2020-07,2020-08,2020-09,2020-10,2020-11,2020-12,2021-01,2021-02,2021-03,2021-04,2021-05,2021-06,2021-07,2021-08,2021-09,2021-10,2021-11,2021-12,2022-01,2022-02,2022-03,2022-04,2022-05,2022-06,2022-07,2022-08,2022-09,2022-10,2022-11,2022-12
Astoria,Queens,neighborhood,2200.0,2200.0,2200.0,2300.0,2300.0,2295.0,2300.0,2300.0,2200.0,2200.0,2200.0,2200.0,2200.0,2200.0,2300.0,2300.0,2300.0,2300.0,2300.0,2350.0,2334.0,2300.0,2275.0,2275.0,2250.0,2200.0,2200.0,2200.0,2200.0,2250.0,2300.0,2300.0,2250.0,2195.0,2200.0,2195.0,2150.0,2123.0,2100.0,2100.0,2200.0,2200.0,2248.0,2250.0,2250.0,2200.0,2175.0,2150.0,2199.0,2200.0,2200.0,2200.0,2273.0,2300.0,2350.0,2350.0,2350.0,2350.0,2300.0,2300.0,2333.0,2395.0,2300.0,2300.0,2280.0,2250.0,2200.0,2169.0,2100.0,2000.0,2000.0,1995.0,1950.0,1950.0,1925.0,1950.0,1999.0,2000.0,2100.0,2200.0,2200.0,2200.0,2200.0,2250.0,2266.0,2300.0,2350.0,2395.0,2500.0,2633.0,2650.0,2700.0,2795.0,2695.0,2600.0,2600.0
Auburndale,Queens,neighborhood,1995.0,,2300.0,2100.0,1995.0,1995.0,1950.0,1900.0,1995.0,1995.0,1695.0,,1798.0,1625.0,1795.0,1850.0,2100.0,2225.0,2100.0,2048.0,2048.0,2148.0,2100.0,,1995.0,2195.0,2195.0,2295.0,2095.0,2195.0,2048.0,1895.0,1995.0,1495.0,1795.0,2325.0,2300.0,2300.0,2300.0,2200.0,2095.0,2098.0,2095.0,2095.0,2048.0,1995.0,1995.0,1948.0,2045.0,2045.0,1995.0,1998.0,1998.0,1900.0,1650.0,2198.0,2100.0,2100.0,2177.0,1900.0,1895.0,2000.0,1998.0,,1998.0,1995.0,1823.0,2000.0,2095.0,2073.0,2000.0,2152.0,2212.0,2100.0,2195.0,2000.0,2000.0,2195.0,2125.0,,2615.0,2407.0,,,,,2500.0,2400.0,2500.0,2557.0,2514.0,2600.0,,2400.0,,
Bath Beach,Brooklyn,neighborhood,1725.0,1775.0,1775.0,2000.0,1850.0,1613.0,1700.0,1700.0,1750.0,2000.0,2000.0,1898.0,1745.0,1950.0,2025.0,2175.0,2250.0,2050.0,2098.0,2000.0,2200.0,2200.0,1900.0,1900.0,2100.0,1950.0,1850.0,1950.0,1950.0,2000.0,1975.0,1950.0,1850.0,1898.0,2000.0,1848.0,1875.0,1950.0,2000.0,2023.0,2000.0,1850.0,1700.0,1675.0,1675.0,1750.0,1725.0,1675.0,1700.0,1575.0,1695.0,1675.0,1695.0,1750.0,1799.0,1795.0,1795.0,1850.0,1795.0,1795.0,1795.0,1900.0,2025.0,,1875.0,1800.0,1900.0,2075.0,1795.0,1700.0,1785.0,1695.0,1698.0,1750.0,1799.0,1750.0,1733.0,1799.0,1700.0,1750.0,1699.0,1699.0,1750.0,1750.0,1750.0,1675.0,1850.0,1850.0,1850.0,1795.0,1800.0,1860.0,2075.0,1994.0,1725.0,1700.0
Battery Park City,Manhattan,neighborhood,3800.0,3950.0,4025.0,4150.0,4518.0,4630.0,4700.0,4795.0,4750.0,4750.0,5100.0,4750.0,4611.0,4600.0,4595.0,4825.0,4600.0,4675.0,4650.0,4765.0,4750.0,4250.0,4050.0,4025.0,4175.0,3995.0,3910.0,3995.0,4350.0,4393.0,4515.0,4375.0,4485.0,4685.0,3860.0,3948.0,4175.0,4100.0,4045.0,4278.0,4650.0,4523.0,4653.0,4858.0,4995.0,4858.0,4500.0,4428.0,4365.0,4495.0,4300.0,4450.0,4950.0,5165.0,5236.0,4750.0,4667.0,4923.0,5271.0,4995.0,4416.0,4172.0,4190.0,4200.0,4500.0,4490.0,4216.0,4206.0,4127.0,3950.0,3750.0,3800.0,3750.0,3900.0,3995.0,3995.0,3898.0,4100.0,4300.0,4475.0,4350.0,4250.0,4441.0,5260.0,5044.0,5100.0,4685.0,4730.0,5080.0,5250.0,5613.0,5600.0,5300.0,5300.0,4995.0,5300.0
Bay Ridge,Brooklyn,neighborhood,1700.0,1700.0,1749.0,1800.0,1800.0,1800.0,1800.0,1850.0,1899.0,1850.0,1850.0,1885.0,1900.0,2000.0,2000.0,2000.0,2000.0,2100.0,2000.0,2100.0,2050.0,2100.0,2100.0,2100.0,2000.0,2000.0,1950.0,1975.0,2000.0,2000.0,2000.0,1895.0,1895.0,1900.0,1825.0,1850.0,2000.0,1995.0,1900.0,1963.0,1950.0,1975.0,1850.0,1999.0,2000.0,2000.0,1995.0,1900.0,1900.0,2000.0,2000.0,1995.0,1950.0,1900.0,1900.0,1950.0,1895.0,1900.0,2000.0,1950.0,1900.0,2000.0,2100.0,2066.0,1999.0,2000.0,2000.0,1950.0,1950.0,1850.0,1800.0,1775.0,1750.0,1750.0,1800.0,1750.0,1750.0,1750.0,1750.0,1800.0,1795.0,1775.0,1800.0,1775.0,1850.0,1900.0,1913.0,2000.0,2150.0,2275.0,2175.0,2350.0,2300.0,2200.0,2100.0,2200.0
Bayside,Queens,neighborhood,2200.0,2200.0,2250.0,2300.0,2300.0,2300.0,2300.0,2250.0,2300.0,2300.0,2400.0,2350.0,2400.0,2375.0,2400.0,2450.0,2350.0,2400.0,2375.0,2250.0,2400.0,2250.0,2250.0,2500.0,2500.0,2549.0,2500.0,2400.0,2400.0,2400.0,2400.0,2375.0,2450.0,2450.0,2375.0,2210.0,2500.0,2350.0,2300.0,2300.0,2300.0,2388.0,2400.0,2475.0,2350.0,2475.0,2350.0,2100.0,2150.0,2200.0,2150.0,2050.0,2000.0,2100.0,2000.0,2150.0,2200.0,2175.0,2125.0,2150.0,2100.0,1900.0,2000.0,1875.0,1975.0,2170.0,2125.0,2063.0,2000.0,1988.0,2000.0,2050.0,2000.0,1995.0,1863.0,1850.0,1850.0,2075.0,2063.0,2200.0,2200.0,2200.0,2100.0,2050.0,2100.0,2200.0,2225.0,2500.0,2300.0,2500.0,2395.0,2300.0,2300.0,2600.0,2500.0,2500.0
Bedford Park,Bronx,neighborhood,1363.0,1400.0,1400.0,1400.0,1300.0,1325.0,1350.0,1388.0,1499.0,1550.0,1450.0,1488.0,1450.0,1438.0,1425.0,1450.0,1450.0,1350.0,1471.0,1475.0,1500.0,1513.0,1483.0,1450.0,1400.0,1400.0,1500.0,1500.0,1550.0,1550.0,1550.0,1550.0,1550.0,1525.0,1583.0,1600.0,1495.0,1325.0,1550.0,1598.0,1470.0,1525.0,1550.0,1550.0,1425.0,1795.0,1600.0,1820.0,1833.0,1650.0,1650.0,1550.0,1605.0,1595.0,1600.0,1775.0,1786.0,1750.0,1750.0,1699.0,1699.0,2008.0,1625.0,,,,1648.0,1695.0,1700.0,1650.0,1688.0,1625.0,1725.0,1662.0,1850.0,1695.0,1625.0,1625.0,1638.0,1625.0,1902.0,1775.0,1616.0,1650.0,1700.0,1795.0,1895.0,1875.0,1773.0,1750.0,1776.0,2298.0,1795.0,1795.0,1700.0,1702.0
Bedford-Stuyvesant,Brooklyn,neighborhood,2275.0,2250.0,2300.0,2350.0,2375.0,2400.0,2400.0,2455.0,2400.0,2350.0,2350.0,2300.0,2350.0,2350.0,2350.0,2400.0,2450.0,2475.0,2497.0,2496.0,2453.0,2450.0,2400.0,2400.0,2400.0,2350.0,2345.0,2395.0,2400.0,2475.0,2475.0,2475.0,2450.0,2400.0,2400.0,2350.0,2350.0,2300.0,2395.0,2450.0,2500.0,2500.0,2567.0,2585.0,2550.0,2500.0,2485.0,2475.0,2429.0,2450.0,2500.0,2500.0,2550.0,2520.0,2599.0,2600.0,2600.0,2650.0,2620.0,2543.0,2580.0,2537.0,2537.0,2537.0,2550.0,2550.0,2500.0,2500.0,2400.0,2300.0,2300.0,2250.0,2250.0,2250.0,2262.0,2300.0,2383.0,2475.0,2599.0,2650.0,2700.0,2700.0,2750.0,2800.0,2894.0,2897.0,2850.0,2875.0,3000.0,3050.0,3200.0,3200.0,3150.0,3100.0,3000.0,2995.0
Belmont,Bronx,neighborhood,1450.0,1725.0,1500.0,1500.0,1500.0,1500.0,1499.0,1500.0,1763.0,1650.0,1750.0,1550.0,1600.0,1600.0,1400.0,1475.0,1435.0,1550.0,1625.0,1698.0,1700.0,1700.0,1650.0,1775.0,1660.0,1670.0,1700.0,1675.0,1690.0,1700.0,1725.0,1775.0,1800.0,1800.0,1725.0,1613.0,1625.0,1650.0,1613.0,1725.0,1850.0,1950.0,1879.0,1840.0,2100.0,2100.0,1813.0,1725.0,1998.0,2200.0,2225.0,1850.0,1938.0,1850.0,2050.0,2400.0,2200.0,2200.0,2200.0,1850.0,1800.0,1800.0,1688.0,1695.0,2500.0,2298.0,2295.0,2295.0,2100.0,2075.0,2125.0,2225.0,2200.0,2223.0,2100.0,2200.0,2215.0,2000.0,2025.0,2150.0,2000.0,2199.0,2300.0,1850.0,1600.0,1875.0,1792.0,2000.0,2625.0,2200.0,1940.0,2300.0,2250.0,2250.0,2500.0,2375.0
Bensonhurst,Brooklyn,neighborhood,1600.0,1725.0,1600.0,1700.0,1698.0,1650.0,1595.0,1625.0,1625.0,1600.0,1700.0,1750.0,1675.0,1700.0,1773.0,1748.0,1800.0,1850.0,1800.0,1900.0,2100.0,2025.0,1875.0,1725.0,2000.0,1848.0,1800.0,1800.0,1700.0,1775.0,1700.0,1875.0,1725.0,1738.0,1700.0,1750.0,1700.0,1750.0,1800.0,1800.0,1880.0,1865.0,1700.0,1850.0,1900.0,1850.0,1875.0,1900.0,1850.0,1850.0,1900.0,1813.0,1900.0,1795.0,1700.0,1700.0,1700.0,1750.0,1750.0,1850.0,1963.0,1995.0,1999.0,1787.0,1700.0,1750.0,1674.0,1800.0,1800.0,1700.0,1600.0,1537.0,1550.0,1649.0,1750.0,1650.0,1650.0,1700.0,1695.0,1700.0,1750.0,1750.0,1699.0,1795.0,1825.0,2000.0,1850.0,2150.0,2000.0,2000.0,2100.0,2199.0,1975.0,2000.0,2000.0,2375.0
Boerum Hill,Brooklyn,neighborhood,2800.0,2900.0,3100.0,2800.0,2800.0,2975.0,2900.0,2850.0,2975.0,2900.0,2850.0,2775.0,2800.0,2950.0,3050.0,3400.0,3500.0,3300.0,3200.0,2975.0,2875.0,2800.0,2821.0,2900.0,2987.0,3092.0,2995.0,2995.0,3102.0,3000.0,3200.0,3250.0,3300.0,3162.0,3000.0,3175.0,3000.0,3000.0,3000.0,2998.0,3400.0,3257.0,3250.0,3200.0,3200.0,3275.0,3490.0,3100.0,3000.0,2950.0,2950.0,3300.0,3384.0,3388.0,3395.0,3500.0,3300.0,3412.0,3400.0,3300.0,3399.0,3400.0,3300.0,3400.0,3450.0,3299.0,3188.0,3163.0,3000.0,2850.0,2799.0,2700.0,2600.0,2675.0,2700.0,2786.0,2800.0,2850.0,2948.0,2850.0,2800.0,3000.0,3000.0,3600.0,3600.0,3250.0,3500.0,3600.0,4000.0,4419.0,4150.0,3700.0,3700.0,3800.0,3695.0,4400.0
Borough Park,Brooklyn,neighborhood,1550.0,1595.0,1595.0,1725.0,1650.0,1600.0,1573.0,1550.0,1799.0,1800.0,1725.0,1750.0,1595.0,1650.0,1700.0,1750.0,1750.0,1900.0,1900.0,1900.0,2083.0,1850.0,1825.0,2025.0,2030.0,1995.0,1750.0,1795.0,1700.0,1750.0,1738.0,1795.0,1788.0,1897.0,1800.0,1650.0,1660.0,1638.0,1750.0,1700.0,1750.0,1850.0,1885.0,1825.0,1800.0,1900.0,1875.0,1700.0,1850.0,1863.0,1875.0,1900.0,1875.0,1850.0,1898.0,1995.0,1949.0,2100.0,1950.0,1900.0,1850.0,1973.0,2098.0,1800.0,1857.0,1700.0,1752.0,1850.0,1795.0,1795.0,1797.0,1795.0,1799.0,1700.0,1700.0,1849.0,1800.0,1800.0,1849.0,1900.0,1950.0,1875.0,1900.0,1650.0,1650.0,1863.0,1950.0,1995.0,2097.0,2195.0,2150.0,2200.0,2000.0,2243.0,1975.0,2000.0
Briarwood,Queens,neighborhood,1663.0,1650.0,1695.0,1672.0,1713.0,1775.0,1755.0,1748.0,1700.0,1712.0,1700.0,1725.0,1700.0,1750.0,1725.0,1750.0,1800.0,1713.0,1750.0,1685.0,1655.0,1690.0,1685.0,1695.0,1650.0,1663.0,1700.0,1720.0,1700.0,1700.0,1713.0,1773.0,1700.0,1797.0,1849.0,1797.0,1795.0,1725.0,1798.0,1800.0,1720.0,1749.0,1750.0,1699.0,1750.0,1769.0,1750.0,1830.0,1775.0,1715.0,1795.0,1748.0,1750.0,1825.0,1757.0,1750.0,1875.0,1850.0,1850.0,1750.0,1795.0,1775.0,1786.0,1726.0,1700.0,1785.0,1795.0,1727.0,1750.0,1763.0,1725.0,1725.0,1725.0,1725.0,1725.0,1725.0,1725.0,1725.0,1725.0,1725.0,1725.0,1725.0,1725.0,1785.0,1875.0,1850.0,1947.0,1895.0,1895.0,1850.0,1850.0,1900.0,1995.0,1925.0,1875.0,1875.0
Brighton Beach,Brooklyn,neighborhood,1750.0,1813.0,1825.0,1995.0,2100.0,2125.0,1950.0,1950.0,1995.0,2248.0,2300.0,2000.0,1875.0,1950.0,1950.0,1950.0,1875.0,1875.0,1863.0,1925.0,1900.0,2000.0,2100.0,2300.0,2200.0,2100.0,2175.0,2150.0,2100.0,2150.0,2300.0,2100.0,2025.0,2075.0,2098.0,2000.0,2000.0,2013.0,2025.0,2000.0,2063.0,2125.0,2100.0,2099.0,2099.0,2050.0,2000.0,2100.0,2100.0,2185.0,2138.0,1950.0,1975.0,2098.0,2050.0,1995.0,1950.0,2050.0,2050.0,1898.0,1910.0,1935.0,2199.0,2149.0,2025.0,2047.0,2024.0,2200.0,2125.0,1995.0,1995.0,1975.0,1895.0,1750.0,1800.0,1850.0,1875.0,1863.0,1850.0,1948.0,2220.0,2200.0,2025.0,2195.0,2050.0,2050.0,2055.0,2075.0,2100.0,2250.0,2323.0,2350.0,2200.0,2400.0,2350.0,2450.0
Bronx,Bronx,borough,1450.0,1475.0,1500.0,1500.0,1499.0,1500.0,1500.0,1600.0,1600.0,1595.0,1600.0,1600.0,1600.0,1600.0,1550.0,1600.0,1635.0,1700.0,1700.0,1700.0,1699.0,1696.0,1650.0,1700.0,1678.0,1675.0,1750.0,1700.0,1725.0,1725.0,1750.0,1750.0,1750.0,1795.0,1787.0,1748.0,1787.0,1800.0,1850.0,1900.0,1900.0,1900.0,1895.0,1879.0,1900.0,1900.0,1849.0,1853.0,1899.0,1850.0,1875.0,1895.0,1895.0,1900.0,1900.0,1950.0,2000.0,1975.0,1950.0,1930.0,1950.0,1975.0,1998.0,2000.0,1995.0,1999.0,2000.0,1995.0,1995.0,1933.0,1907.0,1900.0,1900.0,1949.0,1924.0,1950.0,2000.0,2000.0,2050.0,2094.0,2035.0,2032.0,2100.0,2100.0,2078.0,2195.0,2200.0,2150.0,2250.0,2250.0,2300.0,2300.0,2299.0,2295.0,2295.0,2250.0
Bronxwood,Bronx,neighborhood,,1250.0,,,,,,,,,,,,,,,,,,,1613.0,1508.0,1450.0,1450.0,1500.0,1538.0,1525.0,1525.0,1650.0,1500.0,1500.0,1600.0,1525.0,1475.0,1500.0,1500.0,1675.0,1575.0,1525.0,1513.0,1750.0,1550.0,1585.0,1575.0,1550.0,1610.0,1595.0,1700.0,1650.0,1598.0,1650.0,1625.0,1750.0,1895.0,1625.0,1750.0,2273.0,1950.0,1700.0,1695.0,1675.0,1645.0,,,,,,1700.0,1725.0,1648.0,1548.0,1623.0,1625.0,1545.0,1845.0,1603.0,1695.0,1673.0,1625.0,1669.0,1695.0,1650.0,1900.0,1685.0,1675.0,1800.0,1700.0,1975.0,1975.0,1950.0,1838.0,1775.0,1763.0,1725.0,1675.0,1675.0
Brooklyn,Brooklyn,borough,2500.0,2550.0,2550.0,2550.0,2550.0,2582.0,2600.0,2650.0,2600.0,2550.0,2500.0,2500.0,2590.0,2550.0,2590.0,2600.0,2650.0,2650.0,2650.0,2650.0,2600.0,2599.0,2500.0,2500.0,2500.0,2500.0,2495.0,2500.0,2500.0,2550.0,2599.0,2615.0,2599.0,2500.0,2495.0,2450.0,2450.0,2450.0,2495.0,2500.0,2595.0,2600.0,2695.0,2680.0,2600.0,2550.0,2500.0,2500.0,2500.0,2500.0,2500.0,2595.0,2600.0,2650.0,2700.0,2700.0,2699.0,2680.0,2600.0,2599.0,2600.0,2650.0,2671.0,2700.0,2700.0,2699.0,2695.0,2600.0,2500.0,2461.0,2400.0,2400.0,2399.0,2399.0,2400.0,2400.0,2450.0,2500.0,2600.0,2650.0,2695.0,2600.0,2600.0,2680.0,2750.0,2800.0,2850.0,2950.0,3085.0,3200.0,3355.0,3399.0,3300.0,3200.0,3150.0,3100.0
Brooklyn Heights,Brooklyn,neighborhood,2725.0,2900.0,2970.0,3060.0,2950.0,2973.0,3155.0,3270.0,3155.0,3195.0,3178.0,2858.0,3058.0,3300.0,3195.0,3000.0,3160.0,3150.0,3100.0,3163.0,3300.0,3200.0,3150.0,3400.0,3400.0,3250.0,3200.0,3178.0,3000.0,3100.0,3035.0,2995.0,3000.0,3100.0,3000.0,3100.0,3200.0,3055.0,3000.0,2815.0,2979.0,3100.0,3200.0,3270.0,3450.0,3313.0,3225.0,3250.0,3140.0,3237.0,3500.0,3500.0,3381.0,3505.0,3400.0,3624.0,3636.0,3773.0,3650.0,3634.0,3750.0,3554.0,3526.0,3769.0,3470.0,3200.0,3250.0,2971.0,2977.0,2850.0,2800.0,2833.0,2800.0,2798.0,2700.0,2800.0,2950.0,2924.0,2947.0,3100.0,3500.0,3400.0,3400.0,3750.0,4124.0,3999.0,3737.0,3870.0,4000.0,4035.0,4166.0,4445.0,4863.0,4500.0,4825.0,4525.0
Brownsville,Brooklyn,neighborhood,1300.0,1300.0,1355.0,1400.0,1500.0,1500.0,1500.0,1500.0,1600.0,1599.0,1500.0,1613.0,1600.0,1600.0,1608.0,1600.0,1500.0,1700.0,1650.0,1695.0,1695.0,1650.0,1650.0,1700.0,1750.0,1750.0,1700.0,1800.0,1750.0,1800.0,1800.0,1700.0,1700.0,1795.0,1750.0,1698.0,1700.0,1725.0,1800.0,1750.0,1795.0,1800.0,1850.0,1850.0,1875.0,1950.0,1925.0,1950.0,2100.0,2100.0,2100.0,1950.0,2100.0,2325.0,1997.0,1900.0,2050.0,2000.0,1973.0,2000.0,2000.0,1987.0,2000.0,1843.0,1868.0,1888.0,1950.0,2333.0,2314.0,1915.0,2200.0,2200.0,2000.0,1850.0,1995.0,1900.0,1900.0,1900.0,2100.0,2050.0,2054.0,2000.0,2000.0,1987.0,1860.0,1949.0,2100.0,2000.0,2125.0,2199.0,2173.0,2100.0,2148.0,2100.0,2199.0,2200.0
Bushwick,Brooklyn,neighborhood,2400.0,2499.0,2500.0,2500.0,2548.0,2550.0,2595.0,2600.0,2650.0,2600.0,2500.0,2495.0,2500.0,2650.0,2600.0,2595.0,2600.0,2658.0,2600.0,2600.0,2600.0,2500.0,2500.0,2484.0,2445.0,2450.0,2499.0,2550.0,2599.0,2600.0,2650.0,2650.0,2600.0,2500.0,2495.0,2450.0,2450.0,2492.0,2499.0,2550.0,2619.0,2695.0,2700.0,2695.0,2600.0,2571.0,2500.0,2468.0,2500.0,2549.0,2590.0,2650.0,2650.0,2625.0,2750.0,2800.0,2799.0,2799.0,2749.0,2650.0,2781.0,2800.0,2750.0,2650.0,2600.0,2571.0,2595.0,2500.0,2475.0,2399.0,2396.0,2350.0,2354.0,2399.0,2399.0,2400.0,2450.0,2500.0,2650.0,2800.0,2806.0,2800.0,2800.0,2800.0,2900.0,3000.0,3050.0,3150.0,3250.0,3300.0,3400.0,3450.0,3400.0,3200.0,3100.0,3100.0
Canarsie,Brooklyn,neighborhood,1750.0,1500.0,1600.0,1700.0,1700.0,1800.0,1850.0,1850.0,1850.0,1850.0,1850.0,1800.0,1800.0,1800.0,1800.0,1799.0,1863.0,1800.0,1813.0,1800.0,1900.0,1838.0,1800.0,1825.0,2200.0,1850.0,1750.0,2025.0,2100.0,2100.0,2100.0,1825.0,1900.0,1900.0,1900.0,2075.0,2174.0,2100.0,2000.0,1999.0,2100.0,2200.0,2150.0,2250.0,2250.0,2250.0,2000.0,2000.0,2000.0,1990.0,2200.0,2000.0,2000.0,2100.0,2100.0,2100.0,1958.0,2100.0,2100.0,2100.0,2200.0,2200.0,2300.0,2299.0,2300.0,2200.0,2175.0,2200.0,2250.0,2300.0,2300.0,2177.0,2100.0,2250.0,2075.0,1950.0,1975.0,2195.0,2095.0,2050.0,2098.0,2200.0,2250.0,2399.0,2200.0,2200.0,2275.0,2350.0,2300.0,2250.0,2550.0,2350.0,2300.0,2400.0,2388.0,2300.0
Carroll Gardens,Brooklyn,neighborhood,2900.0,2800.0,2900.0,2950.0,2973.0,3000.0,3000.0,3000.0,3000.0,3000.0,3000.0,3000.0,3000.0,2900.0,2950.0,2995.0,3075.0,3000.0,3200.0,3000.0,3000.0,3100.0,3000.0,2900.0,3000.0,2800.0,2800.0,2850.0,2900.0,2900.0,2900.0,2913.0,2800.0,2950.0,2900.0,2900.0,2850.0,2900.0,2850.0,3000.0,3250.0,3063.0,3000.0,3000.0,3000.0,2990.0,2938.0,3200.0,3165.0,2900.0,2763.0,2875.0,2950.0,2999.0,3250.0,3425.0,3650.0,3500.0,3250.0,3300.0,3200.0,3400.0,3395.0,3300.0,3495.0,3050.0,3000.0,3000.0,2850.0,2750.0,2700.0,2500.0,2500.0,2500.0,2500.0,2600.0,2600.0,2825.0,2900.0,3250.0,3100.0,3175.0,4000.0,3500.0,3490.0,3500.0,3450.0,4100.0,4100.0,4000.0,4550.0,4425.0,4000.0,4425.0,4650.0,4650.0
Central Harlem,Manhattan,neighborhood,2350.0,2400.0,2383.0,2300.0,2300.0,2300.0,2300.0,2350.0,2300.0,2400.0,2329.0,2400.0,2400.0,2395.0,2400.0,2490.0,2450.0,2400.0,2450.0,2500.0,2500.0,2500.0,2500.0,2500.0,2495.0,2400.0,2350.0,2350.0,2400.0,2400.0,2496.0,2500.0,2475.0,2400.0,2390.0,2395.0,2400.0,2450.0,2495.0,2550.0,2500.0,2500.0,2550.0,2600.0,2500.0,2475.0,2420.0,2408.0,2461.0,2475.0,2498.0,2595.0,2650.0,2700.0,2685.0,2695.0,2600.0,2550.0,2563.0,2500.0,2500.0,2500.0,2500.0,2500.0,2600.0,2595.0,2550.0,2499.0,2400.0,2400.0,2400.0,2378.0,2300.0,2300.0,2300.0,2300.0,2350.0,2438.0,2450.0,2400.0,2453.0,2450.0,2400.0,2453.0,2500.0,2524.0,2592.0,2633.0,2700.0,2990.0,3085.0,2995.0,2863.0,2800.0,2900.0,2885.0
Central Park South,Manhattan,neighborhood,7500.0,7750.0,7575.0,7250.0,6998.0,6800.0,7250.0,7900.0,7900.0,7975.0,7900.0,7875.0,7900.0,7363.0,7488.0,7825.0,7500.0,7400.0,7488.0,7000.0,7500.0,7378.0,7378.0,7500.0,7378.0,7000.0,6998.0,6900.0,6500.0,7000.0,6550.0,7258.0,6862.0,7500.0,6800.0,6550.0,7000.0,7225.0,7500.0,7495.0,6800.0,6800.0,7500.0,7225.0,7820.0,7650.0,8999.0,7800.0,7350.0,7550.0,7450.0,7500.0,6721.0,6950.0,6800.0,6600.0,6500.0,7450.0,7425.0,7500.0,7998.0,7575.0,7950.0,8100.0,7475.0,6850.0,6185.0,6093.0,6185.0,6500.0,6650.0,6500.0,6948.0,7000.0,6800.0,7000.0,6800.0,7175.0,7200.0,7250.0,8250.0,8500.0,8500.0,8500.0,7975.0,7475.0,8500.0,8350.0,8750.0,9000.0,11500.0,10000.0,10000.0,10000.0,10000.0,9675.0
Chelsea,Manhattan,neighborhood,3795.0,3750.0,3800.0,3950.0,3950.0,3995.0,4075.0,4025.0,4000.0,4100.0,3875.0,3895.0,3860.0,3850.0,3871.0,3950.0,4100.0,4195.0,4050.0,3995.0,3995.0,4000.0,3995.0,3905.0,3895.0,3950.0,3910.0,3904.0,3950.0,3900.0,3900.0,3800.0,3845.0,3940.0,3950.0,3910.0,3945.0,4000.0,4000.0,3995.0,3995.0,4000.0,3995.0,4079.0,4128.0,4011.0,4000.0,4027.0,4003.0,4250.0,4150.0,4250.0,4295.0,4462.0,4400.0,4362.0,4309.0,4300.0,4295.0,4221.0,4090.0,4175.0,4200.0,3990.0,3850.0,3850.0,3650.0,3550.0,3425.0,3355.0,3300.0,3400.0,3400.0,3500.0,3597.0,3500.0,3681.0,3900.0,4195.0,4450.0,4500.0,4695.0,4795.0,4616.0,4850.0,4904.0,4953.0,5171.0,5143.0,5098.0,5150.0,5169.0,5250.0,5450.0,5152.0,5091.0
Chinatown,Manhattan,neighborhood,2700.0,3073.0,2900.0,2900.0,2850.0,2850.0,2750.0,2900.0,2850.0,2700.0,2750.0,3275.0,2650.0,2650.0,2675.0,2900.0,2690.0,2800.0,2800.0,2850.0,2923.0,2923.0,2975.0,3000.0,2950.0,2800.0,2725.0,2875.0,3000.0,2800.0,2898.0,2773.0,2700.0,2648.0,2725.0,2800.0,2673.0,2700.0,2695.0,2600.0,2900.0,2900.0,2700.0,2800.0,2873.0,2550.0,2799.0,2800.0,2700.0,2800.0,2563.0,2700.0,2700.0,3000.0,3000.0,2600.0,2500.0,3000.0,2950.0,3200.0,3275.0,2695.0,3300.0,3000.0,2985.0,2935.0,2796.0,2700.0,2433.0,2400.0,2400.0,2350.0,2400.0,2395.0,2300.0,2498.0,2450.0,2450.0,2495.0,2500.0,2800.0,3150.0,2675.0,2473.0,3000.0,3150.0,3448.0,3195.0,3200.0,3573.0,2950.0,3000.0,3000.0,3295.0,2995.0,2885.0
Clinton Hill,Brooklyn,neighborhood,2700.0,2750.0,2750.0,2750.0,2785.0,2650.0,2700.0,2750.0,2850.0,2750.0,2700.0,2665.0,2699.0,2700.0,2682.0,2652.0,2700.0,2700.0,2700.0,2700.0,2753.0,2797.0,2750.0,2606.0,2600.0,2650.0,2650.0,2600.0,2750.0,2700.0,2700.0,2600.0,2599.0,2795.0,2725.0,2735.0,2700.0,2600.0,2650.0,2784.0,2879.0,2880.0,2850.0,2800.0,2750.0,2700.0,2700.0,2769.0,2950.0,2950.0,3000.0,2980.0,3157.0,3252.0,3100.0,3100.0,2950.0,3050.0,3000.0,2973.0,2954.0,3100.0,2995.0,2995.0,2990.0,2978.0,2900.0,2800.0,2700.0,2650.0,2613.0,2600.0,2600.0,2595.0,2595.0,2600.0,2650.0,2700.0,2850.0,3109.0,3109.0,3000.0,2900.0,3100.0,3500.0,3513.0,3348.0,3400.0,3600.0,3700.0,3795.0,4000.0,3995.0,3938.0,3995.0,3800.0
Cobble Hill,Brooklyn,neighborhood,3100.0,2973.0,2995.0,3150.0,3150.0,3000.0,3200.0,3325.0,3300.0,3275.0,3200.0,3200.0,3210.0,3125.0,3150.0,3150.0,3275.0,3250.0,3100.0,3250.0,3050.0,3150.0,2995.0,2850.0,2756.0,2815.0,2750.0,2688.0,3000.0,2973.0,3000.0,3300.0,3200.0,3200.0,3075.0,3050.0,3100.0,2950.0,2950.0,3100.0,3176.0,3176.0,3325.0,3425.0,3400.0,3100.0,3198.0,3200.0,3200.0,3225.0,3200.0,3195.0,3170.0,3300.0,3662.0,3800.0,3650.0,3575.0,3400.0,3640.0,3125.0,3500.0,3425.0,3500.0,3350.0,3200.0,3000.0,2933.0,2888.0,2800.0,2800.0,2850.0,2800.0,2725.0,2850.0,2600.0,2800.0,2750.0,2950.0,3250.0,3300.0,3350.0,3200.0,3695.0,3250.0,4300.0,3623.0,3895.0,5200.0,5000.0,4873.0,4675.0,4750.0,4375.0,4375.0,4450.0
Columbia St Waterfront District,Brooklyn,neighborhood,2800.0,2750.0,2750.0,2750.0,2700.0,2500.0,2588.0,2500.0,2750.0,2775.0,2900.0,2750.0,2850.0,2898.0,3000.0,2900.0,3025.0,2925.0,3050.0,2895.0,2950.0,2848.0,2895.0,2700.0,2700.0,2625.0,2663.0,2500.0,2550.0,2699.0,2700.0,2700.0,2750.0,2800.0,2700.0,2700.0,2700.0,2700.0,2400.0,2500.0,2900.0,3100.0,3050.0,2963.0,2963.0,2800.0,2800.0,2700.0,2800.0,2850.0,2500.0,2600.0,3050.0,2900.0,3000.0,3200.0,3000.0,3000.0,3000.0,2563.0,2900.0,2700.0,2650.0,3000.0,2700.0,2688.0,3000.0,2917.0,2800.0,2650.0,2515.0,2500.0,2500.0,2530.0,2600.0,2500.0,2300.0,2500.0,2575.0,2650.0,2750.0,2700.0,2895.0,3150.0,2800.0,3125.0,3000.0,3600.0,3550.0,4200.0,3400.0,3500.0,4100.0,3850.0,4200.0,3575.0
Concourse,Bronx,neighborhood,1295.0,1375.0,1475.0,1425.0,1450.0,1600.0,1525.0,1500.0,1600.0,1600.0,1550.0,1450.0,1500.0,1500.0,1495.0,1550.0,1550.0,1600.0,1650.0,1600.0,1650.0,1600.0,1525.0,1550.0,1510.0,1500.0,1674.0,1675.0,1625.0,1550.0,1579.0,1650.0,1722.0,1797.0,1650.0,1600.0,1595.0,1850.0,1700.0,1850.0,1875.0,1774.0,1750.0,1743.0,1650.0,1700.0,1675.0,1800.0,1825.0,1695.0,1700.0,1800.0,1800.0,1695.0,1750.0,1700.0,1700.0,1698.0,1700.0,1803.0,1800.0,1832.0,1897.0,1924.0,1895.0,1785.0,1700.0,1750.0,1749.0,1700.0,1675.0,1650.0,1775.0,1900.0,1800.0,1925.0,1945.0,1850.0,1938.0,1900.0,1830.0,1888.0,1995.0,1875.0,1795.0,1800.0,1800.0,1806.0,1895.0,1898.0,1895.0,1980.0,1981.0,2195.0,1935.0,2050.0
Coney Island,Brooklyn,neighborhood,1999.0,1999.0,1950.0,1950.0,1988.0,2000.0,2100.0,2000.0,1995.0,1998.0,2050.0,2038.0,2200.0,2078.0,2150.0,2113.0,2113.0,1971.0,2131.0,2200.0,2200.0,2200.0,2198.0,2200.0,2300.0,2300.0,2175.0,2200.0,2100.0,2100.0,2100.0,1900.0,2150.0,2200.0,2197.0,2199.0,2075.0,2150.0,2075.0,2225.0,2250.0,2250.0,2250.0,2225.0,2250.0,2300.0,2225.0,2225.0,2238.0,2100.0,2138.0,2075.0,2194.0,2250.0,2313.0,2250.0,2199.0,2150.0,2175.0,2300.0,2390.0,2475.0,2365.0,2238.0,2250.0,2250.0,2250.0,2315.0,2330.0,2303.0,2251.0,2251.0,2239.0,2119.0,2119.0,2100.0,2150.0,2119.0,2119.0,2199.0,2157.0,2263.0,2350.0,2100.0,2250.0,2250.0,2300.0,2299.0,2134.0,2344.0,2450.0,2452.0,2938.0,2968.0,3350.0,3000.0
Corona,Queens,neighborhood,1550.0,1513.0,1573.0,1600.0,1650.0,1650.0,1650.0,1650.0,1663.0,1695.0,1650.0,1695.0,1795.0,1863.0,1695.0,1775.0,1770.0,1770.0,1713.0,1938.0,1948.0,1983.0,1870.0,1850.0,1850.0,1765.0,1803.0,1840.0,1890.0,1895.0,1975.0,1825.0,1785.0,1825.0,1903.0,1950.0,1885.0,1828.0,1805.0,1735.0,1725.0,2107.0,2350.0,2405.0,1995.0,1955.0,2168.0,2115.0,2365.0,2155.0,2018.0,2255.0,2294.0,2305.0,2215.0,2157.0,1833.0,1886.0,1913.0,1986.0,2075.0,1909.0,1874.0,1875.0,1886.0,1868.0,1911.0,1902.0,1821.0,1806.0,1809.0,1815.0,1828.0,1916.0,2108.0,1815.0,1797.0,1825.0,1915.0,1950.0,1936.0,1775.0,1915.0,1985.0,2022.0,2045.0,1993.0,2067.0,2215.0,2347.0,2462.0,2368.0,2500.0,2499.0,2324.0,2400.0
Crown Heights,Brooklyn,neighborhood,2200.0,2295.0,2250.0,2297.0,2300.0,2300.0,2400.0,2400.0,2300.0,2300.0,2225.0,2300.0,2300.0,2350.0,2400.0,2400.0,2400.0,2450.0,2494.0,2499.0,2400.0,2400.0,2300.0,2291.0,2290.0,2300.0,2300.0,2300.0,2300.0,2399.0,2450.0,2500.0,2451.0,2400.0,2390.0,2350.0,2300.0,2300.0,2399.0,2400.0,2400.0,2475.0,2695.0,2649.0,2550.0,2400.0,2400.0,2400.0,2400.0,2399.0,2400.0,2495.0,2500.0,2500.0,2595.0,2600.0,2600.0,2590.0,2500.0,2500.0,2550.0,2640.0,2550.0,2500.0,2499.0,2450.0,2499.0,2500.0,2400.0,2300.0,2250.0,2275.0,2290.0,2300.0,2275.0,2300.0,2329.0,2399.0,2450.0,2500.0,2500.0,2500.0,2550.0,2550.0,2600.0,2700.0,2750.0,2750.0,2975.0,3099.0,3200.0,3250.0,3000.0,3000.0,2994.0,2950.0
DUMBO,Brooklyn,neighborhood,3891.0,3935.0,4375.0,3925.0,3900.0,4100.0,4140.0,4250.0,4498.0,4300.0,4480.0,4500.0,4250.0,4087.0,4100.0,4275.0,4900.0,4700.0,4700.0,4362.0,4362.0,4500.0,4650.0,4377.0,4495.0,4750.0,4559.0,4450.0,4495.0,4435.0,4500.0,4225.0,4495.0,4355.0,4500.0,4429.0,4200.0,4137.0,4163.0,3900.0,4240.0,4500.0,4200.0,4523.0,4075.0,4650.0,4962.0,4973.0,4532.0,4315.0,4607.0,4495.0,4423.0,4525.0,4875.0,4957.0,4750.0,4500.0,4773.0,4950.0,4950.0,5070.0,4795.0,4500.0,4500.0,4498.0,4498.0,4285.0,4500.0,4495.0,4495.0,4095.0,4000.0,3900.0,3900.0,4173.0,4150.0,4250.0,4500.0,4595.0,4598.0,4623.0,4723.0,4800.0,4500.0,4870.0,5195.0,5345.0,5328.0,5500.0,6495.0,5950.0,5995.0,5550.0,5723.0,5600.0
Ditmas Park,Brooklyn,neighborhood,1850.0,1850.0,1850.0,1850.0,1900.0,2050.0,2100.0,1995.0,1995.0,2050.0,2000.0,2000.0,1950.0,1900.0,1900.0,1900.0,2000.0,1999.0,1999.0,1995.0,1975.0,1938.0,1900.0,1900.0,1925.0,1999.0,1997.0,1999.0,2000.0,2000.0,1996.0,1999.0,2195.0,2175.0,1899.0,1995.0,1999.0,2195.0,2100.0,2000.0,2000.0,2095.0,2400.0,2400.0,2097.0,2000.0,1995.0,2198.0,2250.0,2215.0,2175.0,2215.0,2294.0,2250.0,2250.0,2200.0,2287.0,2200.0,2307.0,2307.0,2200.0,2200.0,2400.0,2298.0,2200.0,2200.0,2200.0,2100.0,2095.0,1975.0,1900.0,1899.0,1900.0,1913.0,1950.0,1949.0,2000.0,2000.0,1950.0,2199.0,2150.0,2250.0,2200.0,2125.0,2000.0,2200.0,2268.0,2187.0,2300.0,2485.0,2450.0,2400.0,2500.0,2408.0,2450.0,2550.0
Downtown Brooklyn,Brooklyn,neighborhood,3181.0,3225.0,3255.0,3228.0,3240.0,3205.0,3184.0,3187.0,3195.0,3185.0,3108.0,3115.0,3123.0,3103.0,3157.0,3161.0,3135.0,3175.0,3177.0,3162.0,3078.0,3093.0,3111.0,3067.0,3051.0,3121.0,3050.0,3121.0,3116.0,3143.0,3195.0,3233.0,3181.0,3195.0,3085.0,3150.0,3190.0,3275.0,3378.0,3460.0,3395.0,3405.0,3369.0,3400.0,3367.0,3350.0,3274.0,3387.0,3348.0,3305.0,3369.0,3485.0,3475.0,3512.0,3618.0,3646.0,3593.0,3500.0,3400.0,3366.0,3478.0,3440.0,3330.0,3190.0,3240.0,3250.0,3200.0,3071.0,2900.0,2895.0,2925.0,3000.0,3000.0,3000.0,3099.0,3280.0,3400.0,3612.0,3650.0,3896.0,3950.0,3887.0,3895.0,3958.0,4172.0,4198.0,4143.0,4132.0,4157.0,4186.0,4250.0,4300.0,4250.0,4200.0,4247.0,4200.0
Dyker Heights,Brooklyn,neighborhood,1800.0,1825.0,1825.0,1900.0,1900.0,2100.0,2050.0,1950.0,1950.0,1925.0,1875.0,1825.0,1925.0,2100.0,1995.0,2163.0,1950.0,1995.0,2200.0,2200.0,2300.0,2200.0,2200.0,2200.0,2200.0,2200.0,2198.0,2100.0,1999.0,1950.0,1950.0,1850.0,2050.0,1948.0,2193.0,2100.0,2148.0,1995.0,1950.0,2000.0,2145.0,1900.0,2000.0,2000.0,1973.0,2200.0,2225.0,2200.0,1935.0,2100.0,2170.0,1800.0,2000.0,2099.0,2195.0,1990.0,1940.0,2000.0,2100.0,2050.0,2100.0,2175.0,2100.0,2150.0,2050.0,2150.0,2050.0,2150.0,2000.0,2050.0,2100.0,2100.0,1800.0,1850.0,1850.0,2000.0,2100.0,2000.0,1900.0,2100.0,2163.0,2125.0,1900.0,1999.0,1900.0,1950.0,2100.0,2150.0,2300.0,2325.0,2350.0,2275.0,2500.0,2525.0,2750.0,2700.0
East Flatbush,Brooklyn,neighborhood,1400.0,1450.0,1450.0,1500.0,1650.0,1700.0,1800.0,1895.0,2000.0,1800.0,1725.0,1650.0,1800.0,1895.0,1800.0,1848.0,1800.0,1850.0,1850.0,1900.0,1900.0,1999.0,1925.0,1850.0,1900.0,2000.0,2000.0,2000.0,1999.0,1999.0,2050.0,2100.0,2000.0,1925.0,1950.0,1997.0,2080.0,2085.0,2095.0,2050.0,2195.0,2100.0,2150.0,2250.0,2399.0,2100.0,2125.0,2199.0,2195.0,2000.0,2200.0,2200.0,2125.0,2100.0,2100.0,2100.0,2194.0,2166.0,2150.0,2200.0,2200.0,2195.0,2200.0,2195.0,2250.0,2203.0,2205.0,2195.0,2100.0,2100.0,2100.0,2150.0,2150.0,2260.0,2199.0,2100.0,2199.0,2185.0,2100.0,2100.0,2100.0,2056.0,2150.0,2200.0,2399.0,2408.0,2450.0,2499.0,2499.0,2455.0,2500.0,2495.0,2497.0,2485.0,2480.0,2583.0
East Harlem,Manhattan,neighborhood,2106.0,2190.0,2150.0,2250.0,2256.0,2296.0,2295.0,2250.0,2245.0,2292.0,2295.0,2249.0,2215.0,2250.0,2300.0,2352.0,2400.0,2400.0,2444.0,2390.0,2300.0,2300.0,2395.0,2385.0,2375.0,2334.0,2350.0,2350.0,2395.0,2405.0,2425.0,2395.0,2375.0,2370.0,2295.0,2350.0,2295.0,2298.0,2350.0,2250.0,2350.0,2350.0,2325.0,2300.0,2300.0,2296.0,2250.0,2200.0,2250.0,2387.0,2400.0,2400.0,2428.0,2399.0,2500.0,2450.0,2433.0,2400.0,2389.0,2375.0,2400.0,2400.0,2450.0,2495.0,2450.0,2300.0,2345.0,2295.0,2245.0,2195.0,2150.0,2090.0,2100.0,2000.0,2000.0,2095.0,2195.0,2250.0,2295.0,2295.0,2275.0,2250.0,2250.0,2275.0,2400.0,2550.0,2495.0,2595.0,2700.0,2695.0,2750.0,2800.0,2700.0,2700.0,2725.0,2695.0
East New York,Brooklyn,neighborhood,1650.0,1600.0,1675.0,1675.0,1648.0,1749.0,1900.0,1800.0,1950.0,1850.0,1850.0,1850.0,1725.0,1925.0,1900.0,1900.0,1850.0,1875.0,2100.0,2150.0,2000.0,1875.0,2000.0,2000.0,1950.0,1950.0,2000.0,2000.0,2099.0,2000.0,2050.0,2100.0,1950.0,1850.0,1900.0,1995.0,2000.0,2100.0,2150.0,2100.0,2150.0,2150.0,2150.0,2200.0,2180.0,2199.0,2100.0,2148.0,2075.0,2175.0,2150.0,2100.0,2100.0,2150.0,2200.0,2150.0,2200.0,2250.0,2200.0,2200.0,2225.0,2250.0,2200.0,2195.0,2250.0,2250.0,2200.0,2193.0,2150.0,2100.0,2038.0,2100.0,2123.0,2100.0,2150.0,2125.0,2100.0,2100.0,2163.0,2100.0,2199.0,2199.0,2200.0,2250.0,2250.0,2195.0,2200.0,2200.0,2300.0,2400.0,2383.0,2400.0,2400.0,2448.0,2500.0,2500.0
East Tremont,Bronx,neighborhood,1312.0,1320.0,1275.0,1510.0,1488.0,1500.0,1450.0,1725.0,1700.0,1775.0,1750.0,1450.0,1425.0,,1400.0,1400.0,,,,,1698.0,1695.0,,,1500.0,1588.0,1625.0,1850.0,1775.0,1750.0,1750.0,,1690.0,1690.0,,1700.0,1700.0,1700.0,1650.0,1663.0,,1775.0,1850.0,1850.0,1750.0,2100.0,1850.0,1910.0,1900.0,1800.0,1900.0,1625.0,1625.0,1625.0,,1643.0,1650.0,1650.0,1900.0,,1798.0,1845.0,,,,1900.0,1900.0,1790.0,1700.0,1650.0,1650.0,1699.0,1950.0,,1575.0,,,1950.0,1950.0,1999.0,2300.0,2375.0,2250.0,2200.0,1750.0,1750.0,1738.0,,2240.0,2394.0,2350.0,2385.0,2388.0,2288.0,1972.0,2023.0
East Village,Manhattan,neighborhood,3000.0,2900.0,2950.0,3100.0,3115.0,3150.0,3200.0,3200.0,3173.0,3150.0,3095.0,3100.0,3100.0,3086.0,3200.0,3225.0,3300.0,3300.0,3297.0,3200.0,3145.0,3100.0,3100.0,3000.0,3000.0,3194.0,3163.0,3350.0,3348.0,3277.0,3250.0,3200.0,3000.0,3000.0,2900.0,2914.0,2995.0,3000.0,3050.0,3285.0,3485.0,3456.0,3389.0,3395.0,3283.0,3200.0,3150.0,3100.0,3100.0,3187.0,3195.0,3400.0,3500.0,3595.0,3550.0,3450.0,3400.0,3400.0,3398.0,3114.0,3200.0,3240.0,3198.0,3250.0,3250.0,3200.0,3100.0,2995.0,2850.0,2749.0,2699.0,2600.0,2595.0,2520.0,2600.0,2700.0,2850.0,3150.0,3400.0,3395.0,3400.0,3495.0,3600.0,3725.0,3795.0,3925.0,3938.0,4125.0,4250.0,4250.0,4250.0,4144.0,4000.0,4000.0,3995.0,3948.0
Elmhurst,Queens,neighborhood,1650.0,1898.0,1924.0,1912.0,1925.0,2000.0,1838.0,1850.0,1788.0,1775.0,1825.0,1750.0,1750.0,1885.0,1850.0,1850.0,1675.0,1950.0,1888.0,1800.0,1825.0,1825.0,1775.0,1825.0,1825.0,2100.0,2000.0,2000.0,2100.0,1968.0,2090.0,1950.0,1950.0,1897.0,1896.0,1900.0,1950.0,1935.0,1935.0,1925.0,1879.0,1750.0,1950.0,1990.0,2050.0,1913.0,1875.0,1900.0,1950.0,1900.0,1900.0,1900.0,1925.0,2166.0,2100.0,2100.0,1849.0,1950.0,1945.0,1875.0,1925.0,2000.0,2050.0,2043.0,2095.0,2000.0,1933.0,1900.0,1899.0,1800.0,1775.0,1850.0,1775.0,1750.0,1800.0,1800.0,1850.0,1900.0,1800.0,1800.0,1950.0,1965.0,2000.0,1995.0,2000.0,2100.0,2034.0,2173.0,2000.0,2195.0,2100.0,2091.0,2199.0,2100.0,2241.0,2200.0
Financial District,Manhattan,neighborhood,3499.0,3609.0,3595.0,3605.0,3675.0,3660.0,3700.0,3650.0,3695.0,3650.0,3550.0,3525.0,3500.0,3513.0,3550.0,3595.0,3600.0,3650.0,3700.0,3625.0,3655.0,3645.0,3500.0,3468.0,3450.0,3467.0,3558.0,3590.0,3625.0,3600.0,3750.0,3750.0,3695.0,3606.0,3640.0,3615.0,3575.0,3723.0,3595.0,3575.0,3585.0,3600.0,3703.0,3789.0,3755.0,3737.0,3692.0,3645.0,3698.0,3755.0,3667.0,3858.0,3829.0,3855.0,3850.0,3750.0,3771.0,3750.0,3773.0,3700.0,3754.0,3795.0,3750.0,3595.0,3514.0,3450.0,3300.0,3295.0,3200.0,3200.0,3175.0,3154.0,3150.0,3230.0,3275.0,3367.0,3400.0,3650.0,4000.0,4100.0,4350.0,4350.0,4300.0,4441.0,4498.0,4500.0,4300.0,4353.0,4415.0,4400.0,4400.0,4495.0,4500.0,4398.0,4356.0,4386.0
Flatbush,Brooklyn,neighborhood,1737.0,1713.0,1750.0,1750.0,1800.0,1800.0,1850.0,1900.0,1899.0,1850.0,1863.0,1850.0,1850.0,1850.0,1850.0,1900.0,1895.0,1932.0,1900.0,1900.0,1900.0,1900.0,1900.0,1895.0,1895.0,1900.0,1900.0,1950.0,1950.0,2000.0,2100.0,2050.0,2000.0,2095.0,1995.0,1950.0,2000.0,2000.0,1999.0,1950.0,2050.0,2095.0,2099.0,2200.0,2200.0,2142.0,2150.0,2122.0,2085.0,2153.0,2095.0,2165.0,2150.0,2244.0,2250.0,2250.0,2300.0,2311.0,2299.0,2333.0,2381.0,2300.0,2300.0,2300.0,2275.0,2297.0,2250.0,2250.0,2175.0,2150.0,2080.0,2100.0,2100.0,2099.0,2050.0,2099.0,2185.0,2200.0,2200.0,2250.0,2250.0,2400.0,2399.0,2300.0,2450.0,2600.0,2585.0,2577.0,2577.0,2860.0,2860.0,2800.0,2833.0,2750.0,2600.0,2600.0
Flatiron,Manhattan,neighborhood,4477.0,4513.0,4858.0,4895.0,5068.0,5100.0,4995.0,4995.0,5000.0,5000.0,4950.0,5000.0,5000.0,4995.0,4679.0,4670.0,4560.0,4700.0,4900.0,4813.0,4912.0,4795.0,4611.0,4628.0,4549.0,4600.0,4498.0,4625.0,4698.0,4595.0,4500.0,4800.0,4800.0,4660.0,4795.0,4700.0,4601.0,4562.0,4495.0,4495.0,4575.0,4595.0,4598.0,4608.0,4875.0,4863.0,4500.0,4635.0,4780.0,4885.0,4798.0,4830.0,4950.0,4950.0,4993.0,5195.0,5125.0,4895.0,4928.0,4912.0,4833.0,4704.0,4935.0,4538.0,4332.0,4298.0,4100.0,4000.0,4232.0,3999.0,3950.0,3983.0,4000.0,4200.0,4150.0,4329.0,4400.0,4800.0,5300.0,5450.0,5600.0,5500.0,5510.0,5399.0,5317.0,5639.0,5745.0,5766.0,5925.0,6110.0,6169.0,5995.0,5950.0,5750.0,5782.0,5755.0
Flushing,Queens,neighborhood,1700.0,1750.0,1700.0,1750.0,1825.0,1800.0,1850.0,1850.0,1800.0,1800.0,1750.0,1750.0,1780.0,1863.0,2025.0,2050.0,2100.0,2100.0,1825.0,1838.0,2000.0,2150.0,2063.0,2150.0,2200.0,2188.0,1925.0,2000.0,2000.0,2200.0,2300.0,2200.0,1950.0,2000.0,1988.0,1887.0,1950.0,1863.0,1800.0,1950.0,1975.0,1975.0,1895.0,1995.0,1998.0,1850.0,1905.0,1900.0,1885.0,1900.0,1938.0,1950.0,1950.0,2000.0,2000.0,1925.0,1900.0,1843.0,1842.0,1850.0,1890.0,2025.0,2150.0,1850.0,1875.0,2195.0,2100.0,2000.0,2100.0,2050.0,2000.0,2097.0,1900.0,1900.0,1950.0,2018.0,1993.0,2045.0,2100.0,2000.0,1950.0,1800.0,1838.0,1950.0,1950.0,1950.0,2000.0,1995.0,2000.0,2050.0,2100.0,2150.0,2150.0,2200.0,2200.0,2200.0
Fordham,Bronx,neighborhood,1250.0,1450.0,1400.0,1199.0,1250.0,1313.0,1323.0,1425.0,1400.0,1400.0,1413.0,1600.0,1450.0,1350.0,1413.0,1463.0,1550.0,1550.0,1550.0,1550.0,1550.0,1500.0,1525.0,1495.0,1475.0,1625.0,1825.0,1700.0,1783.0,1750.0,1815.0,1795.0,1825.0,1800.0,1708.0,1753.0,1845.0,1718.0,1823.0,1749.0,1750.0,1748.0,1825.0,1940.0,2000.0,1900.0,1673.0,1723.0,1750.0,1750.0,1698.0,1700.0,1800.0,2000.0,1923.0,1750.0,1883.0,1695.0,1625.0,1650.0,1623.0,1738.0,1725.0,1750.0,1700.0,1650.0,1650.0,1640.0,1675.0,1835.0,1750.0,1663.0,1725.0,1675.0,1833.0,1850.0,1838.0,1850.0,1888.0,1700.0,1850.0,1795.0,1650.0,1738.0,1650.0,1800.0,1850.0,1850.0,1796.0,1800.0,1750.0,1850.0,1850.0,1795.0,1750.0,1777.0
Forest Hills,Queens,neighborhood,2015.0,2015.0,2015.0,2015.0,2100.0,2213.0,2138.0,2300.0,2300.0,2295.0,2195.0,2200.0,2200.0,2195.0,2100.0,2163.0,2195.0,2163.0,2200.0,2200.0,2200.0,2150.0,2137.0,2150.0,2100.0,2100.0,2000.0,2000.0,1997.0,2100.0,2138.0,2100.0,2100.0,2100.0,2100.0,2050.0,2000.0,2000.0,2100.0,1983.0,1950.0,1975.0,2000.0,2150.0,2100.0,2000.0,2000.0,1995.0,2048.0,2000.0,2050.0,2095.0,2100.0,2100.0,2200.0,2285.0,2200.0,2149.0,2139.0,2175.0,2122.0,2150.0,2100.0,2100.0,2090.0,2000.0,2000.0,2000.0,2000.0,2000.0,2000.0,1995.0,1995.0,1995.0,1958.0,1950.0,1995.0,1995.0,1975.0,1995.0,2095.0,2150.0,2100.0,2100.0,2195.0,2198.0,2150.0,2250.0,2500.0,2338.0,2450.0,2500.0,2499.0,2350.0,2400.0,2403.0
Fort Greene,Brooklyn,neighborhood,2700.0,2850.0,2930.0,2950.0,2825.0,2825.0,2895.0,2850.0,2800.0,2770.0,2800.0,2730.0,2700.0,2700.0,2800.0,2700.0,2800.0,2880.0,2900.0,2998.0,2900.0,2819.0,2791.0,2732.0,2750.0,2800.0,2865.0,3000.0,2900.0,2950.0,2900.0,2900.0,2842.0,2750.0,2700.0,2750.0,2700.0,2700.0,2700.0,2800.0,2800.0,2875.0,2973.0,2963.0,2899.0,2850.0,3048.0,2950.0,2800.0,2895.0,3000.0,3300.0,3498.0,3300.0,3375.0,3350.0,3048.0,3094.0,3116.0,3195.0,3250.0,3081.0,3348.0,3200.0,3185.0,2952.0,2900.0,2875.0,2799.0,2820.0,2800.0,2800.0,2754.0,2628.0,2745.0,2699.0,2808.0,2900.0,3154.0,3365.0,3495.0,3438.0,3600.0,3610.0,3448.0,3484.0,3600.0,3866.0,3825.0,3895.0,4000.0,4000.0,3754.0,3900.0,3929.0,3675.0
Glendale,Queens,neighborhood,1797.0,1800.0,1700.0,1750.0,1875.0,2000.0,2000.0,1800.0,1850.0,1825.0,1800.0,2000.0,1875.0,1875.0,1875.0,1899.0,2000.0,2000.0,1875.0,1863.0,2000.0,1900.0,2000.0,2078.0,2200.0,2200.0,2000.0,2000.0,2000.0,2000.0,2000.0,2000.0,1925.0,2023.0,2050.0,1999.0,2000.0,2000.0,2000.0,2150.0,2200.0,2100.0,2275.0,2000.0,2000.0,2050.0,2038.0,2000.0,2000.0,2000.0,2292.0,2246.0,2113.0,2000.0,2100.0,2200.0,2273.0,2200.0,2100.0,2100.0,2185.0,2175.0,2375.0,2400.0,2275.0,2200.0,2233.0,2200.0,2200.0,2225.0,2082.0,2013.0,2050.0,2000.0,2000.0,2000.0,2000.0,2100.0,2000.0,2225.0,2300.0,2000.0,2200.0,2200.0,2150.0,2199.0,2300.0,2300.0,2300.0,2500.0,2350.0,2350.0,2299.0,2199.0,2350.0,2350.0
Gowanus,Brooklyn,neighborhood,2825.0,2995.0,2850.0,3100.0,3350.0,3200.0,3250.0,3400.0,3250.0,3250.0,3250.0,3300.0,3400.0,3398.0,3150.0,3200.0,3231.0,3000.0,3000.0,3263.0,3000.0,3000.0,3046.0,3000.0,3050.0,3050.0,2800.0,2760.0,2900.0,2881.0,2880.0,3000.0,3000.0,2800.0,2776.0,2700.0,2753.0,2756.0,2660.0,2770.0,3200.0,3000.0,3200.0,3300.0,2780.0,2883.0,2855.0,2888.0,3110.0,2900.0,2656.0,2700.0,2847.0,3390.0,3000.0,2998.0,3483.0,3200.0,3200.0,3135.0,2783.0,3000.0,3300.0,3050.0,3000.0,2700.0,2650.0,2670.0,2880.0,2729.0,2700.0,2772.0,2600.0,2625.0,2595.0,2700.0,2800.0,2900.0,2913.0,2900.0,2850.0,3050.0,3048.0,3000.0,3450.0,3799.0,3600.0,3235.0,3940.0,4098.0,4295.0,3998.0,3700.0,3600.0,3708.0,3895.0
Gramercy Park,Manhattan,neighborhood,3550.0,3500.0,3300.0,3500.0,3500.0,3500.0,3500.0,3595.0,3750.0,3500.0,3500.0,3625.0,3693.0,3690.0,3650.0,3695.0,3800.0,3650.0,3600.0,3597.0,3500.0,3300.0,3299.0,3390.0,3460.0,3500.0,3500.0,3595.0,3600.0,3500.0,3495.0,3490.0,3495.0,3300.0,3200.0,3300.0,3450.0,3500.0,3513.0,3475.0,3795.0,3500.0,3590.0,3580.0,3700.0,3500.0,3550.0,3600.0,3513.0,3750.0,3800.0,3795.0,3998.0,4195.0,4295.0,4100.0,4129.0,3800.0,3800.0,3900.0,3995.0,3795.0,3800.0,3500.0,3475.0,3500.0,3395.0,3299.0,3228.0,3163.0,3100.0,3100.0,3000.0,2900.0,2895.0,2950.0,2950.0,3100.0,3375.0,3473.0,3800.0,4000.0,3963.0,4445.0,4600.0,4373.0,4500.0,4498.0,4393.0,4500.0,4583.0,4490.0,4598.0,4500.0,4395.0,4498.0
Gravesend,Brooklyn,neighborhood,1650.0,1688.0,1700.0,1700.0,1695.0,1625.0,1675.0,1700.0,1750.0,1750.0,1750.0,1675.0,1750.0,1725.0,1775.0,1850.0,1925.0,1985.0,1695.0,1775.0,1800.0,1825.0,1910.0,1773.0,1800.0,1895.0,1800.0,1800.0,1750.0,1800.0,1800.0,1713.0,1800.0,1710.0,1875.0,1735.0,1698.0,1700.0,1750.0,1799.0,1913.0,1799.0,1800.0,1850.0,1765.0,1950.0,1800.0,1738.0,1700.0,1713.0,1750.0,1750.0,1795.0,1742.0,1799.0,1799.0,1871.0,1900.0,1900.0,1800.0,1950.0,1950.0,1825.0,1775.0,1800.0,1813.0,1875.0,1800.0,1825.0,1776.0,1776.0,1700.0,1725.0,1750.0,1758.0,1750.0,1800.0,1800.0,1800.0,1810.0,1825.0,1850.0,2000.0,1875.0,1925.0,1969.0,2100.0,2099.0,2025.0,2300.0,2100.0,2000.0,2000.0,2000.0,2350.0,2325.0
Greenpoint,Brooklyn,neighborhood,2500.0,2500.0,2575.0,2700.0,2650.0,2600.0,2800.0,2850.0,2850.0,2800.0,2700.0,2700.0,2700.0,2695.0,2750.0,2838.0,2800.0,2800.0,2850.0,2900.0,2850.0,2813.0,2850.0,2800.0,2800.0,2800.0,2750.0,2750.0,2795.0,2900.0,2900.0,2795.0,2850.0,2703.0,2700.0,2595.0,2600.0,2595.0,2700.0,2750.0,2763.0,2995.0,3000.0,2950.0,2897.0,2800.0,2785.0,2800.0,2847.0,2799.0,2750.0,2850.0,3135.0,3100.0,3200.0,3320.0,3300.0,3100.0,2999.0,2975.0,3151.0,3300.0,3235.0,3125.0,3100.0,3000.0,2916.0,2995.0,2825.0,2700.0,2750.0,2700.0,2650.0,2799.0,2750.0,2850.0,2850.0,3000.0,3398.0,3400.0,3400.0,3400.0,3400.0,3500.0,3593.0,3600.0,3800.0,3800.0,4000.0,4250.0,4275.0,4200.0,4200.0,4300.0,4100.0,4100.0
Greenwich Village,Manhattan,neighborhood,3850.0,3700.0,3700.0,3625.0,3550.0,3500.0,3550.0,3800.0,3995.0,4150.0,4000.0,4050.0,4000.0,3895.0,3995.0,3900.0,3775.0,3785.0,3795.0,3795.0,3900.0,3900.0,3800.0,3850.0,3850.0,3798.0,3800.0,3800.0,3713.0,3595.0,3600.0,3500.0,3600.0,3593.0,3550.0,3525.0,3550.0,3773.0,3538.0,3625.0,3643.0,3800.0,3800.0,3700.0,3799.0,3695.0,3950.0,3895.0,4195.0,3795.0,3775.0,3698.0,3995.0,3800.0,4000.0,3995.0,4596.0,4650.0,4413.0,4298.0,4200.0,4000.0,4000.0,3700.0,3700.0,3540.0,3500.0,3329.0,3298.0,3200.0,3000.0,3002.0,3100.0,3200.0,3200.0,3100.0,3200.0,3500.0,3600.0,4040.0,3995.0,4298.0,4225.0,4248.0,4500.0,4400.0,4500.0,4398.0,4500.0,4600.0,4700.0,4950.0,5295.0,4750.0,5095.0,5200.0
Greenwood,Brooklyn,neighborhood,2200.0,2125.0,2125.0,2200.0,2200.0,2200.0,2300.0,2300.0,2300.0,2300.0,2295.0,2275.0,2200.0,2200.0,2200.0,2175.0,2200.0,2300.0,2300.0,2400.0,2200.0,2100.0,2100.0,2100.0,2198.0,2200.0,2197.0,2300.0,2300.0,2350.0,2300.0,2350.0,2300.0,2500.0,2450.0,2375.0,2190.0,2250.0,2400.0,2425.0,2550.0,2665.0,2673.0,2750.0,2600.0,2400.0,2395.0,2200.0,2250.0,2350.0,2299.0,2323.0,2492.0,2450.0,2499.0,2550.0,2398.0,2499.0,2500.0,2450.0,2499.0,2500.0,2550.0,2500.0,2500.0,2499.0,2400.0,2399.0,2200.0,2200.0,2050.0,2100.0,2100.0,2000.0,2000.0,2100.0,2213.0,2200.0,2299.0,2350.0,2350.0,2400.0,2399.0,2300.0,2400.0,2400.0,2500.0,2800.0,3000.0,2725.0,2800.0,3075.0,2873.0,3000.0,3199.0,3204.0
Hamilton Heights,Manhattan,neighborhood,2300.0,2400.0,2300.0,2275.0,2400.0,2500.0,2500.0,2500.0,2400.0,2295.0,2300.0,2400.0,2400.0,2400.0,2500.0,2400.0,2373.0,2300.0,2300.0,2350.0,2350.0,2338.0,2400.0,2450.0,2400.0,2375.0,2399.0,2400.0,2441.0,2500.0,2480.0,2400.0,2495.0,2400.0,2350.0,2325.0,2250.0,2200.0,2400.0,2571.0,2475.0,2400.0,2500.0,2500.0,2595.0,2428.0,2495.0,2400.0,2363.0,2400.0,2473.0,2500.0,2500.0,2548.0,2550.0,2600.0,2595.0,2438.0,2450.0,2425.0,2350.0,2500.0,2600.0,2695.0,2500.0,2500.0,2475.0,2395.0,2300.0,2348.0,2292.0,2292.0,2292.0,2250.0,2200.0,2250.0,2300.0,2300.0,2350.0,2350.0,2350.0,2400.0,2425.0,2500.0,2495.0,2500.0,2550.0,2599.0,2643.0,2795.0,2773.0,2750.0,2800.0,3000.0,2795.0,2600.0
Highbridge,Bronx,neighborhood,1250.0,1350.0,1275.0,1297.0,,1525.0,1250.0,1688.0,1500.0,1675.0,1348.0,1700.0,1900.0,1900.0,,1650.0,1650.0,1700.0,1700.0,1700.0,1638.0,1699.0,1600.0,1549.0,1650.0,1650.0,1650.0,1588.0,1625.0,1750.0,1800.0,1750.0,2030.0,1850.0,1790.0,1790.0,1885.0,1970.0,1800.0,1763.0,1800.0,1800.0,1775.0,1725.0,1800.0,1995.0,1950.0,1950.0,2161.0,2161.0,1850.0,1630.0,1636.0,1850.0,1948.0,1850.0,1675.0,1750.0,1800.0,1900.0,1935.0,1945.0,1800.0,1952.0,1902.0,1902.0,2000.0,1843.0,1825.0,1875.0,1799.0,1700.0,1650.0,1713.0,1852.0,1796.0,1880.0,1900.0,1902.0,1904.0,1850.0,1825.0,1698.0,1875.0,1904.0,,2072.0,2048.0,2095.0,2100.0,2100.0,2100.0,1895.0,1725.0,1760.0,2053.0
Inwood,Manhattan,neighborhood,1782.0,1750.0,1685.0,1850.0,1800.0,1898.0,1950.0,1950.0,1800.0,1925.0,1900.0,1900.0,1907.0,1795.0,1850.0,1950.0,1973.0,1850.0,1850.0,1825.0,1800.0,1795.0,1795.0,1798.0,1750.0,1800.0,1850.0,1875.0,1891.0,1850.0,1850.0,1850.0,1845.0,1845.0,1750.0,1795.0,1850.0,1850.0,1900.0,1900.0,1850.0,2000.0,2000.0,1938.0,1925.0,1975.0,1900.0,1875.0,1800.0,1952.0,1910.0,1950.0,1895.0,1963.0,2060.0,2050.0,2065.0,2100.0,2000.0,2000.0,2025.0,2050.0,1995.0,2075.0,2000.0,1900.0,1940.0,2000.0,1925.0,1875.0,1875.0,1850.0,1850.0,1900.0,1940.0,1899.0,1850.0,1800.0,1850.0,1850.0,1913.0,1950.0,1925.0,1950.0,2000.0,2050.0,2050.0,2198.0,2150.0,2044.0,2050.0,2125.0,2185.0,2008.0,2000.0,2000.0
Jackson Heights,Queens,neighborhood,1750.0,1750.0,1750.0,1750.0,1750.0,1800.0,1800.0,1813.0,1800.0,1798.0,1800.0,1800.0,1800.0,1800.0,1750.0,1813.0,1800.0,1842.0,1863.0,1900.0,1875.0,1900.0,1913.0,1950.0,1950.0,1850.0,1850.0,1850.0,1850.0,1850.0,1850.0,1850.0,1900.0,1850.0,1900.0,1925.0,1900.0,1950.0,1895.0,1875.0,1850.0,1850.0,1950.0,1950.0,1950.0,1900.0,1795.0,1795.0,1799.0,1800.0,1850.0,1900.0,1992.0,1995.0,2100.0,2000.0,2000.0,1938.0,2000.0,1997.0,2099.0,2100.0,2000.0,2000.0,1982.0,2000.0,1999.0,1950.0,1950.0,1950.0,1875.0,1800.0,1800.0,1838.0,1850.0,1800.0,1800.0,1880.0,1923.0,1900.0,1900.0,1999.0,2100.0,1975.0,1900.0,1890.0,1900.0,2050.0,2100.0,2000.0,2100.0,2099.0,2195.0,2176.0,2200.0,2185.0
Jamaica,Queens,neighborhood,2150.0,,,1475.0,1600.0,1673.0,1600.0,1625.0,1575.0,1525.0,1750.0,1945.0,1800.0,1800.0,1972.0,1995.0,1875.0,,,1956.0,1854.0,1902.0,1902.0,1950.0,1903.0,1950.0,2010.0,2000.0,1975.0,2383.0,2450.0,1725.0,1763.0,2050.0,1828.0,1828.0,1995.0,1995.0,1995.0,1998.0,1946.0,2200.0,2383.0,2329.0,2275.0,2170.0,2170.0,2125.0,2170.0,2000.0,2125.0,2170.0,2170.0,2170.0,2170.0,2178.0,2200.0,2200.0,2200.0,2200.0,2188.0,2229.0,2263.0,2175.0,2075.0,1994.0,2111.0,1999.0,2002.0,2083.0,2105.0,2025.0,2163.0,2248.0,2000.0,2000.0,2125.0,2200.0,2225.0,2565.0,2313.0,2409.0,2442.0,2368.0,2390.0,2368.0,2405.0,2598.0,2682.0,2693.0,2698.0,2732.0,2625.0,2625.0,2695.0,2685.0
Jamaica Estates,Queens,neighborhood,1700.0,,1573.0,,1650.0,1695.0,1625.0,1699.0,1698.0,1650.0,1613.0,1638.0,1625.0,1650.0,1573.0,1550.0,1625.0,1700.0,1700.0,1900.0,1700.0,1700.0,1750.0,2025.0,2250.0,2195.0,1738.0,1795.0,1600.0,1750.0,1938.0,2998.0,2495.0,1995.0,1995.0,1875.0,1850.0,1800.0,1888.0,1800.0,1833.0,2545.0,2320.0,2273.0,2325.0,2288.0,1800.0,2192.0,1550.0,2098.0,1799.0,1785.0,1895.0,1895.0,1884.0,1849.0,1800.0,1750.0,1625.0,1785.0,1895.0,2075.0,2335.0,,1825.0,1850.0,1900.0,2005.0,1873.0,1960.0,1800.0,1850.0,1775.0,1960.0,2180.0,1905.0,1848.0,1928.0,1960.0,1935.0,1900.0,1850.0,1850.0,1825.0,1850.0,1850.0,1800.0,1850.0,2030.0,2165.0,2450.0,2600.0,2100.0,2050.0,2000.0,1985.0
Kensington,Brooklyn,neighborhood,1797.0,1829.0,1870.0,2000.0,2000.0,2000.0,2100.0,2000.0,2100.0,2225.0,2195.0,2100.0,2100.0,2000.0,2000.0,2100.0,2049.0,2000.0,2100.0,2163.0,2100.0,2150.0,2100.0,2100.0,2100.0,1960.0,1895.0,1900.0,1950.0,2000.0,2100.0,2050.0,2000.0,2050.0,2000.0,2000.0,2095.0,2100.0,2100.0,1995.0,1995.0,2000.0,2200.0,2199.0,2100.0,2000.0,2095.0,2100.0,2100.0,2150.0,2000.0,2200.0,2100.0,2100.0,2250.0,2295.0,2349.0,2175.0,2200.0,2000.0,2100.0,2295.0,2250.0,2249.0,2150.0,2200.0,2165.0,2100.0,2000.0,1900.0,1880.0,1880.0,1875.0,1850.0,1800.0,1795.0,1800.0,1913.0,1993.0,2100.0,2250.0,2199.0,2050.0,2100.0,2250.0,2225.0,2248.0,2250.0,2575.0,2650.0,2650.0,2623.0,2610.0,2500.0,2325.0,2562.0
Kew Gardens,Queens,neighborhood,1725.0,1725.0,1750.0,1850.0,1850.0,1750.0,1850.0,1950.0,1925.0,1950.0,1900.0,2000.0,2000.0,1800.0,1800.0,1900.0,1950.0,1950.0,2000.0,2000.0,1800.0,1850.0,1900.0,2000.0,1963.0,1898.0,1925.0,2000.0,1850.0,1848.0,1838.0,1950.0,1875.0,1925.0,2000.0,2000.0,2000.0,1850.0,1950.0,1895.0,1838.0,2000.0,1895.0,1875.0,1813.0,1875.0,1850.0,1997.0,1850.0,1895.0,1900.0,1995.0,2050.0,2062.0,1975.0,1975.0,1900.0,1875.0,1843.0,1875.0,1895.0,2000.0,1955.0,1950.0,1850.0,1813.0,1850.0,1825.0,1855.0,1800.0,1900.0,1800.0,1875.0,1900.0,1860.0,1800.0,1800.0,1850.0,1885.0,1900.0,1895.0,1950.0,1995.0,2060.0,2050.0,1995.0,1999.0,1975.0,1999.0,2095.0,2099.0,2150.0,2150.0,2200.0,2300.0,2275.0
Kew Gardens Hills,Queens,neighborhood,1750.0,1725.0,1550.0,1738.0,1875.0,1744.0,1950.0,1775.0,1775.0,1950.0,1950.0,1913.0,1925.0,1875.0,1950.0,1955.0,1788.0,1900.0,1950.0,2050.0,2045.0,2013.0,2000.0,2007.0,1975.0,1975.0,1975.0,1950.0,1925.0,1875.0,1811.0,1975.0,1975.0,1975.0,1975.0,1850.0,1900.0,1875.0,1895.0,2000.0,2000.0,2000.0,1899.0,1875.0,2000.0,2000.0,1983.0,1853.0,1895.0,2013.0,1878.0,1856.0,1833.0,2025.0,2008.0,1929.0,1950.0,1985.0,1925.0,1810.0,1925.0,1898.0,1898.0,1810.0,1810.0,2150.0,2100.0,2000.0,1880.0,1978.0,1950.0,1825.0,1900.0,1900.0,1900.0,1999.0,2012.0,1950.0,2050.0,1750.0,2050.0,2000.0,2025.0,1999.0,2150.0,2200.0,2025.0,2225.0,2075.0,1999.0,2095.0,2300.0,2375.0,2400.0,2600.0,2400.0
Kingsbridge,Bronx,neighborhood,1450.0,1500.0,1475.0,1400.0,1475.0,1450.0,1475.0,1625.0,1625.0,1500.0,1575.0,1600.0,1550.0,1500.0,1600.0,1675.0,1695.0,1700.0,1800.0,2017.0,1850.0,1900.0,2000.0,2000.0,1925.0,1600.0,1750.0,1697.0,1919.0,1625.0,1625.0,1700.0,1625.0,1750.0,1750.0,1725.0,1550.0,1625.0,1775.0,1950.0,1900.0,1838.0,1750.0,1763.0,1800.0,1750.0,1750.0,1695.0,1673.0,1828.0,1888.0,1850.0,1963.0,1825.0,1750.0,1885.0,1895.0,1825.0,1700.0,1813.0,1838.0,1775.0,1850.0,1900.0,1700.0,1785.0,1813.0,1750.0,1797.0,1790.0,1900.0,1788.0,1850.0,1799.0,1775.0,1800.0,1800.0,1800.0,1800.0,1950.0,1888.0,1750.0,1700.0,1725.0,1650.0,1700.0,1923.0,1863.0,1900.0,2107.0,1995.0,1875.0,1775.0,1938.0,1923.0,1898.0
Little Italy,Manhattan,neighborhood,2647.0,2799.0,2895.0,2895.0,3000.0,2800.0,3099.0,3600.0,3500.0,3000.0,3495.0,3600.0,3400.0,3075.0,2800.0,2838.0,3100.0,3100.0,3500.0,3500.0,3300.0,3050.0,3150.0,3150.0,3050.0,3100.0,3050.0,3000.0,2799.0,2800.0,2800.0,3000.0,2795.0,2700.0,2795.0,2613.0,2600.0,2600.0,2998.0,3000.0,3045.0,2848.0,2900.0,2795.0,2700.0,3100.0,3150.0,3000.0,3200.0,3048.0,3000.0,3550.0,3350.0,3400.0,3200.0,3563.0,3450.0,3400.0,3350.0,3300.0,3200.0,3460.0,3473.0,3424.0,3200.0,3200.0,2995.0,2750.0,2900.0,2700.0,2675.0,2625.0,2398.0,2398.0,2400.0,2700.0,2500.0,2775.0,2739.0,2900.0,2838.0,2995.0,2995.0,2995.0,3200.0,3500.0,4000.0,4000.0,4098.0,4200.0,4000.0,3675.0,3945.0,3999.0,3850.0,3995.0
Long Island City,Queens,neighborhood,3000.0,3025.0,2950.0,2975.0,2950.0,3100.0,3100.0,2995.0,2995.0,2900.0,2910.0,3000.0,2995.0,3000.0,3108.0,3100.0,3150.0,3163.0,3150.0,3100.0,3055.0,2980.0,2953.0,2994.0,3030.0,3017.0,2983.0,2996.0,2950.0,3000.0,3055.0,3100.0,3000.0,2898.0,2829.0,2830.0,2827.0,2895.0,2944.0,2900.0,3024.0,3102.0,3123.0,3115.0,3204.0,3100.0,3095.0,3098.0,3051.0,3000.0,3084.0,3187.0,3250.0,3270.0,3296.0,3382.0,3300.0,3324.0,3268.0,3200.0,3163.0,3155.0,3192.0,3138.0,3100.0,3078.0,2995.0,2900.0,2872.0,2999.0,3000.0,2975.0,2950.0,2950.0,2926.0,2950.0,3018.0,3195.0,3250.0,3400.0,3470.0,3525.0,3600.0,3655.0,3600.0,3650.0,3730.0,3975.0,4100.0,4064.0,4045.0,4000.0,3950.0,3860.0,3900.0,3870.0
Lower East Side,Manhattan,neighborhood,2998.0,2995.0,2850.0,2895.0,2995.0,3100.0,3150.0,3195.0,3225.0,3000.0,3000.0,3000.0,3000.0,3000.0,2995.0,3075.0,3200.0,3325.0,3297.0,3300.0,3295.0,3071.0,3050.0,2900.0,2895.0,3100.0,3000.0,3000.0,3200.0,3156.0,3200.0,3195.0,3097.0,3000.0,2995.0,2950.0,2983.0,2950.0,3030.0,3204.0,3250.0,3200.0,3250.0,3323.0,3300.0,3300.0,3300.0,3250.0,3200.0,3250.0,3250.0,3400.0,3585.0,3600.0,3450.0,3500.0,3550.0,3600.0,3664.0,3700.0,3800.0,3910.0,3920.0,3695.0,3465.0,3199.0,3000.0,2994.0,2800.0,2800.0,2795.0,2750.0,2750.0,2700.0,2755.0,2807.0,3000.0,3100.0,3295.0,3475.0,3500.0,3500.0,3600.0,3695.0,3948.0,3999.0,4144.0,4155.0,4300.0,4200.0,4295.0,4275.0,4400.0,4150.0,3995.0,4025.0
Manhattan,Manhattan,borough,3200.0,3250.0,3250.0,3295.0,3325.0,3350.0,3350.0,3395.0,3400.0,3350.0,3295.0,3300.0,3300.0,3300.0,3350.0,3375.0,3400.0,3395.0,3351.0,3300.0,3330.0,3300.0,3295.0,3250.0,3220.0,3250.0,3250.0,3300.0,3300.0,3300.0,3300.0,3300.0,3300.0,3269.0,3200.0,3200.0,3200.0,3204.0,3200.0,3250.0,3300.0,3300.0,3300.0,3300.0,3297.0,3250.0,3250.0,3295.0,3275.0,3300.0,3300.0,3400.0,3455.0,3500.0,3499.0,3495.0,3500.0,3500.0,3500.0,3500.0,3500.0,3500.0,3500.0,3450.0,3300.0,3200.0,3100.0,2996.0,2907.0,2812.0,2800.0,2795.0,2760.0,2795.0,2795.0,2800.0,2895.0,2950.0,3000.0,3100.0,3200.0,3300.0,3475.0,3500.0,3700.0,3800.0,3854.0,4000.0,4000.0,4075.0,4170.0,4115.0,4152.0,4100.0,4075.0,4139.0
Maspeth,Queens,neighborhood,2400.0,2400.0,2400.0,2000.0,1975.0,1925.0,2000.0,1950.0,1900.0,1800.0,1800.0,1875.0,1863.0,1863.0,1813.0,2100.0,2025.0,2100.0,2200.0,2175.0,2100.0,2000.0,2100.0,2100.0,2025.0,2050.0,2100.0,2150.0,2125.0,2163.0,2200.0,2200.0,2200.0,2100.0,2000.0,2000.0,2125.0,2050.0,2150.0,2150.0,2000.0,2200.0,2150.0,2200.0,2099.0,2095.0,2075.0,2050.0,2100.0,2100.0,2200.0,2100.0,2093.0,2200.0,2200.0,2100.0,2225.0,2100.0,2100.0,1975.0,1950.0,2148.0,2295.0,2250.0,2295.0,2250.0,2294.0,2195.0,2000.0,1925.0,1938.0,1900.0,1904.0,2050.0,2100.0,2100.0,2200.0,2100.0,2170.0,2170.0,2170.0,2100.0,2199.0,2150.0,2199.0,2399.0,2275.0,2200.0,2300.0,2400.0,2450.0,2500.0,2500.0,2500.0,2500.0,2400.0
Melrose,Bronx,neighborhood,,,,,,,,,,,,,,,,,,,,,,,,,,,,1713.0,1925.0,1982.0,2000.0,2025.0,,1880.0,1817.0,,,,,,1900.0,1663.0,,1842.0,1775.0,1675.0,,,1840.0,1840.0,1837.0,1750.0,1844.0,1975.0,2034.0,2016.0,1987.0,1920.0,1920.0,1920.0,1795.0,2200.0,2200.0,,,,,1438.0,,2108.0,2150.0,,1750.0,,,1723.0,1900.0,1848.0,1975.0,,1999.0,2000.0,2195.0,1995.0,1995.0,,1895.0,1800.0,1800.0,2100.0,2100.0,2000.0,1963.0,2100.0,,
Middle Village,Queens,neighborhood,1775.0,,1875.0,1900.0,2075.0,2150.0,2000.0,2000.0,2000.0,2000.0,2000.0,2100.0,1880.0,1800.0,1850.0,1800.0,1999.0,1999.0,1999.0,2000.0,2000.0,2000.0,2000.0,2025.0,2100.0,2100.0,2250.0,1900.0,1875.0,2000.0,1973.0,1950.0,2000.0,1999.0,1875.0,1723.0,,2200.0,2000.0,2075.0,2085.0,2199.0,2000.0,2100.0,2200.0,2200.0,2099.0,2000.0,2099.0,1950.0,2199.0,2200.0,2200.0,2000.0,2200.0,2050.0,2300.0,2450.0,2450.0,2100.0,2200.0,2300.0,2287.0,,2399.0,2400.0,2275.0,2238.0,2200.0,2100.0,2199.0,1975.0,2200.0,2000.0,2000.0,2200.0,2100.0,2100.0,1975.0,2100.0,2199.0,2100.0,2248.0,2300.0,2300.0,2100.0,2100.0,2599.0,2400.0,2499.0,2500.0,2500.0,2500.0,2575.0,2400.0,2397.0
Midtown,Manhattan,neighborhood,4200.0,4000.0,4000.0,4000.0,4200.0,4100.0,4100.0,3975.0,3973.0,3995.0,3975.0,4000.0,4000.0,4250.0,4000.0,4000.0,4057.0,4095.0,4000.0,3950.0,3960.0,3900.0,3890.0,3938.0,3950.0,4000.0,3999.0,4000.0,4200.0,4200.0,4198.0,3802.0,4000.0,3900.0,3854.0,3900.0,3863.0,3950.0,3900.0,3800.0,3800.0,3900.0,3850.0,3895.0,3923.0,3995.0,4000.0,3900.0,3850.0,3900.0,4000.0,4000.0,4198.0,4195.0,4125.0,4000.0,4125.0,4295.0,4325.0,4263.0,4034.0,4064.0,4149.0,3950.0,3695.0,3521.0,3500.0,3664.0,3600.0,3500.0,3495.0,3500.0,3400.0,3500.0,3500.0,3500.0,3825.0,3855.0,3975.0,4225.0,4500.0,4650.0,4583.0,4835.0,4995.0,4998.0,5000.0,5000.0,5200.0,4758.0,5000.0,4825.0,4895.0,5000.0,5095.0,5000.0
Midtown East,Manhattan,neighborhood,3295.0,3300.0,3300.0,3350.0,3400.0,3400.0,3400.0,3400.0,3450.0,3350.0,3332.0,3350.0,3300.0,3369.0,3350.0,3400.0,3400.0,3395.0,3400.0,3400.0,3400.0,3395.0,3329.0,3300.0,3295.0,3350.0,3331.0,3395.0,3395.0,3400.0,3375.0,3322.0,3300.0,3300.0,3195.0,3200.0,3250.0,3275.0,3287.0,3345.0,3395.0,3400.0,3420.0,3400.0,3392.0,3395.0,3400.0,3415.0,3387.0,3395.0,3400.0,3422.0,3495.0,3500.0,3590.0,3595.0,3562.0,3520.0,3600.0,3500.0,3571.0,3500.0,3500.0,3400.0,3295.0,3116.0,3000.0,2934.0,2844.0,2750.0,2725.0,2700.0,2700.0,2800.0,2850.0,2905.0,3000.0,3100.0,3300.0,3495.0,3695.0,3695.0,3978.0,3979.0,4195.0,4250.0,4235.0,4220.0,4195.0,4200.0,4295.0,4133.0,4200.0,4083.0,4000.0,4188.0
Midtown South,Manhattan,neighborhood,3698.0,3600.0,3695.0,3695.0,3705.0,3775.0,3790.0,3950.0,3950.0,3895.0,3895.0,3950.0,3950.0,3950.0,3895.0,3895.0,3925.0,3934.0,3965.0,3924.0,3992.0,3995.0,3965.0,3950.0,3895.0,3950.0,3965.0,3964.0,3922.0,3875.0,3950.0,3969.0,3965.0,3950.0,3689.0,3600.0,3554.0,3600.0,3595.0,3650.0,3670.0,3950.0,3850.0,4045.0,3988.0,3965.0,3830.0,3873.0,3790.0,3900.0,3995.0,3912.0,4000.0,4149.0,4150.0,4086.0,4188.0,4023.0,4023.0,4113.0,3992.0,4200.0,4103.0,3758.0,3695.0,3575.0,3450.0,3285.0,3200.0,3300.0,3100.0,3175.0,3200.0,3250.0,3281.0,3390.0,3650.0,3970.0,4060.0,4350.0,4595.0,4600.0,4548.0,4783.0,4994.0,4700.0,4670.0,4895.0,4995.0,5000.0,5000.0,4895.0,4795.0,4700.0,4550.0,4895.0
Midtown West,Manhattan,neighborhood,3450.0,3500.0,3495.0,3495.0,3500.0,3500.0,3485.0,3490.0,3493.0,3400.0,3350.0,3300.0,3290.0,3315.0,3395.0,3450.0,3453.0,3400.0,3400.0,3400.0,3450.0,3400.0,3369.0,3333.0,3300.0,3323.0,3215.0,3342.0,3400.0,3415.0,3450.0,3495.0,3446.0,3400.0,3300.0,3300.0,3299.0,3300.0,3300.0,3390.0,3450.0,3495.0,3452.0,3460.0,3500.0,3495.0,3470.0,3500.0,3450.0,3500.0,3500.0,3506.0,3575.0,3600.0,3650.0,3700.0,3650.0,3600.0,3647.0,3659.0,3647.0,3640.0,3642.0,3500.0,3300.0,3200.0,3047.0,2950.0,2900.0,2899.0,2850.0,2831.0,2900.0,2895.0,2933.0,3000.0,3000.0,3188.0,3417.0,3500.0,3700.0,3850.0,3907.0,4000.0,4225.0,4200.0,4169.0,4296.0,4457.0,4300.0,4348.0,4173.0,4230.0,4195.0,4195.0,4270.0
Midwood,Brooklyn,neighborhood,1500.0,1525.0,1560.0,1550.0,1600.0,1700.0,1700.0,1799.0,1763.0,1750.0,1725.0,1700.0,1650.0,1763.0,1775.0,1850.0,1850.0,1897.0,1863.0,1825.0,1838.0,1725.0,1800.0,1830.0,1800.0,1825.0,1900.0,1888.0,1800.0,1850.0,1800.0,1750.0,1850.0,1787.0,1800.0,1700.0,1765.0,1750.0,1725.0,1750.0,1750.0,1750.0,1795.0,1850.0,1895.0,1815.0,1815.0,1799.0,1850.0,1847.0,1850.0,1899.0,1899.0,1875.0,1900.0,2075.0,1950.0,1975.0,2000.0,2100.0,2100.0,2050.0,2100.0,2077.0,2075.0,2000.0,1925.0,1950.0,1865.0,1850.0,1850.0,1850.0,1850.0,1795.0,1800.0,1848.0,1950.0,1990.0,1976.0,1975.0,2096.0,1999.0,2100.0,2116.0,2175.0,2150.0,2100.0,2098.0,2200.0,2300.0,2300.0,2250.0,2300.0,2500.0,2450.0,2500.0
Morningside Heights,Manhattan,neighborhood,3000.0,3260.0,3255.0,3295.0,3390.0,3500.0,3500.0,3460.0,3370.0,3390.0,3000.0,3010.0,2950.0,3184.0,3254.0,3300.0,3254.0,3300.0,3360.0,3300.0,3300.0,3315.0,3295.0,3208.0,3284.0,3197.0,3190.0,3240.0,3214.0,3100.0,3200.0,3215.0,3000.0,2863.0,2869.0,2979.0,2900.0,2979.0,2995.0,2997.0,3150.0,3195.0,3200.0,3200.0,3100.0,3010.0,2975.0,2937.0,2995.0,2850.0,2929.0,3000.0,3145.0,3375.0,3295.0,3323.0,3295.0,3123.0,3200.0,3200.0,3200.0,3200.0,3200.0,3132.0,3367.0,3350.0,3170.0,2950.0,2853.0,2896.0,2850.0,2999.0,3200.0,3000.0,3195.0,3364.0,3431.0,3300.0,3300.0,3335.0,3095.0,3350.0,3600.0,3200.0,3295.0,3298.0,3766.0,4017.0,3875.0,4000.0,3725.0,3773.0,4258.0,3850.0,4195.0,3875.0
Morris Heights,Bronx,neighborhood,1295.0,1295.0,1295.0,1295.0,1295.0,1295.0,,1914.0,1450.0,1595.0,,,1700.0,1600.0,1545.0,1545.0,2000.0,,,1525.0,1473.0,1525.0,1563.0,1600.0,1460.0,1495.0,1795.0,1495.0,1495.0,1650.0,1600.0,1700.0,1675.0,1675.0,1675.0,,,,,,,,1750.0,1800.0,1800.0,1595.0,1602.0,1698.0,1695.0,1695.0,1650.0,1650.0,,1800.0,1848.0,2100.0,2100.0,2050.0,1884.0,1967.0,1967.0,2061.0,1900.0,,,1850.0,1850.0,1798.0,1850.0,1900.0,1800.0,1850.0,,,,,1825.0,,1750.0,1800.0,1795.0,,1848.0,,,,1925.0,,2132.0,2149.0,,2200.0,2445.0,2548.0,2575.0,2295.0
Morris Park,Bronx,neighborhood,1400.0,1400.0,1400.0,1400.0,1390.0,1399.0,1399.0,1450.0,1450.0,1475.0,1450.0,1450.0,1450.0,1450.0,1450.0,1450.0,1450.0,1500.0,1500.0,1500.0,1500.0,1500.0,1500.0,1500.0,1500.0,1500.0,1550.0,1625.0,1600.0,1650.0,1600.0,1600.0,1750.0,1600.0,1600.0,1600.0,1800.0,1825.0,1900.0,1900.0,1850.0,1813.0,1900.0,1925.0,1725.0,1850.0,1650.0,1650.0,1787.0,1788.0,1700.0,1750.0,1775.0,1900.0,1900.0,1995.0,1899.0,2225.0,2200.0,,1745.0,1700.0,1999.0,1998.0,,1998.0,2024.0,1714.0,1757.0,1869.0,1849.0,1688.0,1675.0,1699.0,1825.0,2000.0,2025.0,1749.0,1749.0,1875.0,1750.0,,1925.0,,,,,,,1975.0,2175.0,2275.0,,,1725.0,1795.0
Mott Haven,Bronx,neighborhood,1699.0,1700.0,1700.0,1750.0,1750.0,1700.0,1725.0,1750.0,1875.0,2000.0,2150.0,2100.0,2100.0,2050.0,2150.0,1850.0,1800.0,1913.0,1948.0,1900.0,1900.0,1900.0,2350.0,2367.0,2200.0,1988.0,2118.0,1950.0,1950.0,1950.0,1950.0,1950.0,1860.0,1925.0,2155.0,2155.0,2155.0,2200.0,2200.0,2238.0,2250.0,2290.0,2300.0,2250.0,2125.0,2000.0,2000.0,1950.0,2025.0,2295.0,2238.0,2250.0,2250.0,2475.0,2446.0,2381.0,2350.0,2295.0,2185.0,2189.0,2275.0,2389.0,2389.0,2350.0,2188.0,2100.0,2259.0,2220.0,2200.0,2200.0,2267.0,2250.0,2275.0,2200.0,2248.0,2318.0,2350.0,2300.0,2400.0,2450.0,2500.0,2481.0,2504.0,2500.0,2725.0,2825.0,3013.0,2710.0,2860.0,2858.0,2850.0,2836.0,2765.0,2825.0,2858.0,2600.0
NYC,,city,2800.0,2800.0,2800.0,2850.0,2850.0,2899.0,2900.0,2950.0,2900.0,2895.0,2825.0,2850.0,2862.0,2895.0,2900.0,2930.0,2950.0,2975.0,2955.0,2950.0,2900.0,2875.0,2800.0,2800.0,2750.0,2750.0,2700.0,2750.0,2774.0,2795.0,2800.0,2858.0,2800.0,2795.0,2700.0,2700.0,2695.0,2672.0,2699.0,2750.0,2795.0,2800.0,2825.0,2800.0,2780.0,2700.0,2658.0,2654.0,2695.0,2700.0,2700.0,2800.0,2850.0,2900.0,2950.0,2945.0,2925.0,2900.0,2899.0,2895.0,2900.0,2900.0,2905.0,2995.0,2942.0,2889.0,2800.0,2743.0,2649.0,2550.0,2500.0,2500.0,2499.0,2499.0,2495.0,2500.0,2500.0,2600.0,2675.0,2700.0,2750.0,2700.0,2725.0,2800.0,2899.0,2977.0,3000.0,3200.0,3340.0,3500.0,3500.0,3525.0,3500.0,3495.0,3400.0,3400.0
Nolita,Manhattan,neighborhood,3595.0,3450.0,3495.0,3595.0,3500.0,3595.0,3595.0,3595.0,3550.0,3500.0,3500.0,3550.0,3595.0,3560.0,3595.0,3973.0,3795.0,3750.0,3695.0,3695.0,3825.0,3750.0,3875.0,3800.0,3600.0,3995.0,3600.0,3748.0,3679.0,3723.0,3795.0,3795.0,3625.0,3495.0,3498.0,3500.0,3500.0,3495.0,3500.0,3595.0,3645.0,3695.0,3895.0,3714.0,3595.0,3650.0,3700.0,3500.0,3375.0,3500.0,3563.0,3750.0,3850.0,3795.0,3795.0,3895.0,3795.0,3795.0,3825.0,3895.0,3750.0,3895.0,3795.0,3750.0,3500.0,3500.0,3400.0,3200.0,3000.0,2995.0,2910.0,2800.0,2759.0,2625.0,2673.0,2698.0,3000.0,3573.0,3700.0,4000.0,3923.0,3898.0,3695.0,3600.0,4100.0,4000.0,4195.0,4495.0,4500.0,4800.0,4998.0,5348.0,4998.0,5198.0,4995.0,4948.0
North Corona,Queens,neighborhood,1748.0,1550.0,1595.0,,,1595.0,1595.0,,,1995.0,1850.0,,1613.0,1675.0,,,,,,,,,,,,,,1775.0,1725.0,2250.0,1763.0,,,1695.0,1550.0,,1575.0,1610.0,1700.0,1725.0,1633.0,1950.0,1950.0,1700.0,1698.0,,,1645.0,1550.0,,1650.0,1883.0,2325.0,1850.0,2495.0,1750.0,,,1775.0,2100.0,2450.0,,,,,,,1725.0,,1950.0,2150.0,1938.0,2050.0,,2300.0,2300.0,2145.0,1995.0,1990.0,1550.0,,,,,,,,2300.0,2125.0,,,2100.0,,2700.0,,2025.0
Norwood,Bronx,neighborhood,1350.0,1400.0,1400.0,1400.0,1400.0,1500.0,1413.0,1400.0,1449.0,1400.0,1400.0,1352.0,1350.0,1350.0,1425.0,1498.0,1425.0,1400.0,1425.0,1400.0,1498.0,1500.0,1500.0,1463.0,1495.0,1500.0,1475.0,1495.0,1485.0,1475.0,1500.0,1550.0,1550.0,1675.0,1695.0,1500.0,1683.0,1595.0,1499.0,1475.0,1475.0,1900.0,1750.0,1550.0,1550.0,1550.0,1675.0,1798.0,1675.0,1475.0,1500.0,1598.0,1600.0,1625.0,1650.0,1722.0,1750.0,1760.0,1822.0,1675.0,1675.0,1737.0,1525.0,1650.0,1650.0,1638.0,1850.0,1850.0,1745.0,1720.0,1550.0,1613.0,1950.0,1795.0,1563.0,1650.0,1700.0,1700.0,1595.0,1600.0,1898.0,1550.0,1950.0,2260.0,1795.0,1860.0,1750.0,1725.0,1700.0,1838.0,1895.0,2100.0,1895.0,2295.0,2130.0,2125.0
Oakland Gardens,Queens,neighborhood,1925.0,1875.0,1975.0,2100.0,2025.0,1950.0,1950.0,2000.0,1950.0,1850.0,1850.0,,,,1850.0,1800.0,1800.0,2150.0,1950.0,1750.0,2050.0,2125.0,2100.0,1725.0,1700.0,1725.0,1725.0,2075.0,2150.0,1763.0,2100.0,1763.0,,1700.0,1650.0,1650.0,,,,,,,,,,,1775.0,2200.0,2000.0,,,,1750.0,1975.0,2075.0,,,,,,1900.0,,,,2425.0,,,,2100.0,2100.0,,,,,2045.0,2000.0,2095.0,2095.0,2250.0,2450.0,2500.0,2550.0,2150.0,2150.0,2260.0,2300.0,2375.0,2375.0,2450.0,2450.0,2350.0,2345.0,2325.0,2348.0,2300.0,2300.0
Park Slope,Brooklyn,neighborhood,2837.0,2887.0,2900.0,2875.0,2900.0,2950.0,2995.0,2850.0,2800.0,2800.0,2800.0,2800.0,2850.0,2800.0,2800.0,2850.0,2895.0,2900.0,2900.0,2900.0,2900.0,2800.0,2800.0,2800.0,2795.0,2750.0,2700.0,2700.0,2800.0,2800.0,2800.0,2800.0,2900.0,2800.0,2800.0,2800.0,2800.0,2750.0,2700.0,2831.0,2880.0,2884.0,2900.0,2950.0,2950.0,2995.0,2950.0,2932.0,2850.0,2850.0,2895.0,2900.0,3000.0,3000.0,3100.0,3108.0,3000.0,3295.0,3000.0,3000.0,3000.0,3200.0,3200.0,3099.0,3150.0,3000.0,2995.0,2900.0,2800.0,2800.0,2700.0,2650.0,2695.0,2695.0,2600.0,2599.0,2650.0,2700.0,2795.0,2950.0,3000.0,3150.0,3185.0,3100.0,3275.0,3124.0,3450.0,3350.0,3800.0,3800.0,4000.0,3900.0,3950.0,4200.0,4200.0,3995.0
Parkchester,Bronx,neighborhood,1300.0,1415.0,1414.0,1225.0,1250.0,1238.0,1225.0,1295.0,1297.0,1297.0,1250.0,1400.0,1620.0,1345.0,,,,,1500.0,1840.0,1610.0,1582.0,1558.0,1550.0,1550.0,1680.0,1625.0,1846.0,1680.0,1605.0,1600.0,1598.0,1608.0,1450.0,1395.0,1395.0,1425.0,1425.0,1435.0,,1450.0,1450.0,1501.0,1513.0,1500.0,1507.0,1513.0,1483.0,1514.0,1514.0,1542.0,1695.0,1588.0,1549.0,1700.0,1600.0,1600.0,1600.0,,,,,1625.0,,1600.0,,,1600.0,,1600.0,1600.0,1600.0,1600.0,1550.0,,,,,1600.0,1950.0,2010.0,1975.0,1923.0,1850.0,1800.0,1600.0,1600.0,1650.0,1600.0,1600.0,1600.0,1800.0,1885.0,1950.0,,
Pelham Bay,Bronx,neighborhood,,2000.0,1322.0,1300.0,,1300.0,2125.0,,,,,1500.0,,1425.0,,,,1500.0,,,,1500.0,1500.0,1500.0,1413.0,1375.0,,,1448.0,1500.0,1563.0,1625.0,1700.0,1625.0,1625.0,1500.0,1550.0,,,1800.0,1648.0,,1550.0,1800.0,1800.0,1750.0,2000.0,1975.0,1975.0,1625.0,1675.0,1725.0,1625.0,,,1875.0,1575.0,,,,1650.0,,,,,,,1618.0,,1650.0,,1750.0,1759.0,1746.0,1650.0,,1750.0,1700.0,1695.0,1695.0,1750.0,1750.0,1700.0,,1850.0,,1900.0,1900.0,1950.0,,,,,1848.0,,2291.0
Pelham Parkway,Bronx,neighborhood,,1587.0,1599.0,1699.0,1687.0,1675.0,1650.0,,,,,,,,,,,,,,,,,,,,,,,,,,,,,,,,,1888.0,1837.0,1899.0,1795.0,1812.0,1850.0,,,,1613.0,,,,,,1750.0,1600.0,1913.0,1824.0,1812.0,1895.0,2000.0,1899.0,1899.0,1939.0,1750.0,1750.0,1949.0,1949.0,1899.0,1899.0,1899.0,1899.0,1812.0,1750.0,1750.0,1924.0,,2014.0,1849.0,1787.0,,,2077.0,2029.0,1949.0,1750.0,1750.0,1750.0,1695.0,1675.0,1700.0,1750.0,1788.0,1850.0,1795.0,1753.0
Prospect Heights,Brooklyn,neighborhood,2650.0,2700.0,2700.0,2750.0,2875.0,2950.0,2900.0,2995.0,2795.0,2704.0,2800.0,2800.0,2700.0,2775.0,2873.0,2835.0,2850.0,2850.0,2800.0,2850.0,2950.0,2954.0,2700.0,2650.0,2700.0,2800.0,2800.0,2850.0,2956.0,2952.0,2950.0,2900.0,2900.0,2825.0,2800.0,2800.0,2800.0,3000.0,2949.0,2850.0,3000.0,3100.0,3150.0,2979.0,2898.0,2850.0,2775.0,2950.0,2950.0,2850.0,2800.0,2900.0,2925.0,2995.0,3162.0,3013.0,3450.0,3262.0,3250.0,3490.0,3263.0,3050.0,3025.0,3225.0,3200.0,3100.0,3000.0,2925.0,2800.0,2706.0,2650.0,2600.0,2680.0,2600.0,2600.0,2680.0,2800.0,2900.0,3000.0,3163.0,3203.0,3125.0,3263.0,3400.0,3400.0,3625.0,3625.0,3835.0,4155.0,4195.0,4225.0,4200.0,4098.0,3995.0,3995.0,3994.0
Prospect Lefferts Gardens,Brooklyn,neighborhood,1750.0,1750.0,1800.0,1800.0,1800.0,1700.0,1700.0,1738.0,1750.0,1900.0,1875.0,1800.0,1900.0,1950.0,1950.0,2000.0,2000.0,2000.0,2100.0,2168.0,2200.0,2200.0,2150.0,2154.0,2137.0,2200.0,2200.0,2195.0,2095.0,2175.0,2200.0,2097.0,2100.0,2098.0,2000.0,2150.0,2000.0,2200.0,2249.0,2350.0,2400.0,2400.0,2494.0,2344.0,2300.0,2250.0,2250.0,2297.0,2250.0,2299.0,2395.0,2350.0,2399.0,2470.0,2395.0,2400.0,2300.0,2400.0,2300.0,2200.0,2400.0,2375.0,2299.0,2400.0,2450.0,2350.0,2395.0,2300.0,2199.0,2199.0,2100.0,2000.0,2000.0,2000.0,1995.0,1995.0,2195.0,2200.0,2400.0,2411.0,2499.0,2400.0,2350.0,2300.0,2300.0,2355.0,2500.0,2500.0,2639.0,2750.0,2993.0,3000.0,2949.0,2850.0,2849.0,2699.0
Prospect Park South,Brooklyn,neighborhood,2150.0,1900.0,2000.0,2000.0,2050.0,1798.0,1850.0,1900.0,1913.0,1974.0,2150.0,2150.0,2125.0,2173.0,2150.0,2195.0,2100.0,2095.0,2100.0,2000.0,2025.0,2100.0,2013.0,1950.0,1998.0,1975.0,1997.0,2150.0,2240.0,2100.0,1999.0,2000.0,2025.0,1999.0,1950.0,1995.0,2100.0,2000.0,1975.0,2150.0,2150.0,2175.0,2099.0,2150.0,2100.0,2076.0,1975.0,2100.0,2150.0,2150.0,2195.0,2200.0,2250.0,2250.0,2250.0,2200.0,2199.0,2154.0,1999.0,2242.0,2200.0,2100.0,2113.0,2195.0,2199.0,2199.0,2195.0,2150.0,2100.0,2091.0,1997.0,1899.0,1910.0,1850.0,1895.0,1895.0,2100.0,2250.0,2300.0,2150.0,2325.0,2200.0,2275.0,2200.0,2250.0,2150.0,2297.0,2300.0,2150.0,2758.0,2790.0,2550.0,2600.0,2398.0,2550.0,2562.0
Queens,Queens,borough,2100.0,2100.0,2100.0,2100.0,2193.0,2200.0,2200.0,2250.0,2200.0,2200.0,2200.0,2200.0,2200.0,2200.0,2200.0,2300.0,2300.0,2300.0,2300.0,2350.0,2300.0,2250.0,2216.0,2250.0,2200.0,2200.0,2200.0,2200.0,2200.0,2200.0,2250.0,2300.0,2250.0,2200.0,2200.0,2196.0,2150.0,2150.0,2200.0,2200.0,2200.0,2200.0,2250.0,2299.0,2275.0,2200.0,2195.0,2150.0,2200.0,2200.0,2200.0,2250.0,2250.0,2300.0,2300.0,2300.0,2300.0,2300.0,2299.0,2250.0,2300.0,2350.0,2344.0,2395.0,2350.0,2300.0,2300.0,2200.0,2200.0,2100.0,2100.0,2025.0,2000.0,2000.0,2000.0,2050.0,2100.0,2195.0,2200.0,2250.0,2250.0,2250.0,2250.0,2300.0,2300.0,2300.0,2315.0,2400.0,2500.0,2600.0,2600.0,2608.0,2650.0,2650.0,2600.0,2600.0
Red Hook,Brooklyn,neighborhood,2500.0,2300.0,2450.0,2400.0,2500.0,2500.0,2406.0,2299.0,2250.0,2655.0,2815.0,3000.0,3000.0,3150.0,2900.0,2950.0,2875.0,2673.0,2950.0,3000.0,2999.0,2698.0,2695.0,2375.0,2475.0,2500.0,2850.0,2699.0,2600.0,2699.0,2600.0,2800.0,2800.0,2850.0,2850.0,2825.0,2600.0,2750.0,2813.0,2750.0,2775.0,2750.0,2550.0,2600.0,2625.0,2500.0,2700.0,2718.0,2613.0,2700.0,2750.0,2700.0,2700.0,2950.0,2700.0,2700.0,2799.0,2749.0,2700.0,2700.0,2600.0,2575.0,2700.0,2700.0,2900.0,2850.0,2725.0,2700.0,2500.0,2200.0,2500.0,2650.0,2500.0,2500.0,2400.0,2300.0,2400.0,2400.0,2300.0,2200.0,2100.0,3100.0,3125.0,2856.0,2900.0,2500.0,2875.0,2850.0,2900.0,3000.0,3795.0,3225.0,3500.0,3000.0,3000.0,3150.0
Rego Park,Queens,neighborhood,1900.0,1900.0,1900.0,1850.0,1875.0,1900.0,1998.0,2000.0,2000.0,2100.0,2100.0,2100.0,2150.0,2200.0,2100.0,2100.0,2150.0,2100.0,2200.0,2300.0,2325.0,2300.0,2300.0,2370.0,2200.0,2158.0,2150.0,2127.0,2075.0,2168.0,2160.0,2298.0,2200.0,2200.0,2000.0,1998.0,2000.0,2000.0,2025.0,2040.0,2000.0,1960.0,2086.0,2150.0,2104.0,2118.0,2025.0,2050.0,1998.0,2054.0,2150.0,2098.0,1950.0,2060.0,2100.0,2162.0,2200.0,2000.0,2113.0,2103.0,2100.0,2100.0,2100.0,2100.0,2100.0,2100.0,1945.0,1900.0,1946.0,1900.0,1925.0,1940.0,2000.0,1998.0,1850.0,1950.0,2000.0,2000.0,2100.0,1950.0,2000.0,2000.0,2065.0,2200.0,2200.0,2025.0,1995.0,1950.0,2042.0,2200.0,2297.0,2400.0,2350.0,2490.0,2350.0,2250.0
Richmond Hill,Queens,neighborhood,1400.0,1500.0,1600.0,,,1600.0,1575.0,,,,1575.0,1500.0,1400.0,1450.0,1725.0,,,,,,,,,,1650.0,1650.0,,,,1700.0,1700.0,,,,,,,,2100.0,1775.0,1625.0,,,,1900.0,1850.0,1650.0,1650.0,1788.0,,,,1675.0,1713.0,1688.0,1695.0,,1675.0,2050.0,1850.0,1850.0,1850.0,,,1900.0,1900.0,,1700.0,,,,,1900.0,1938.0,1900.0,1900.0,1725.0,1725.0,1950.0,1875.0,1695.0,1700.0,1698.0,1898.0,2100.0,1725.0,1713.0,1725.0,1800.0,1950.0,1800.0,1800.0,2100.0,2100.0,2100.0,2075.0
Ridgewood,Queens,neighborhood,2238.0,2275.0,2300.0,2295.0,2500.0,2395.0,2263.0,2400.0,2295.0,2250.0,2275.0,2300.0,2300.0,2500.0,2400.0,2500.0,2600.0,2500.0,2500.0,2499.0,2500.0,2350.0,2350.0,2397.0,2495.0,2495.0,2500.0,2499.0,2500.0,2599.0,2600.0,2550.0,2400.0,2300.0,2250.0,2385.0,2386.0,2400.0,2450.0,2499.0,2550.0,2550.0,2600.0,2600.0,2499.0,2500.0,2495.0,2400.0,2375.0,2300.0,2400.0,2500.0,2599.0,2670.0,2700.0,2700.0,2500.0,2500.0,2498.0,2400.0,2500.0,2500.0,2474.0,2500.0,2533.0,2540.0,2500.0,2425.0,2398.0,2299.0,2250.0,2250.0,2250.0,2200.0,2200.0,2200.0,2299.0,2400.0,2500.0,2597.0,2550.0,2499.0,2570.0,2550.0,2500.0,2650.0,2699.0,2799.0,2900.0,3000.0,3000.0,3375.0,3250.0,3250.0,3100.0,3099.0
Riverdale,Bronx,neighborhood,2100.0,2175.0,2100.0,2100.0,2098.0,2173.0,2200.0,2200.0,2100.0,2100.0,2150.0,2200.0,2050.0,2000.0,2000.0,2025.0,2195.0,2150.0,2200.0,2291.0,2300.0,2100.0,2200.0,2200.0,2008.0,2000.0,2000.0,2098.0,2073.0,2125.0,2200.0,2200.0,2150.0,2100.0,2048.0,2048.0,2130.0,2200.0,2295.0,2395.0,2250.0,2345.0,2250.0,2160.0,2200.0,2150.0,2200.0,2300.0,2250.0,2200.0,2200.0,2200.0,2200.0,2200.0,2300.0,2300.0,2300.0,2300.0,2300.0,2300.0,2388.0,2399.0,2440.0,2500.0,2375.0,2400.0,2450.0,2473.0,2495.0,2398.0,2318.0,2250.0,2395.0,2395.0,2250.0,2250.0,2300.0,2399.0,2400.0,2500.0,2550.0,2575.0,2465.0,2330.0,2395.0,2450.0,2450.0,2400.0,2550.0,2800.0,2595.0,2550.0,2800.0,2700.0,2700.0,2593.0
Rockaway All,Queens,neighborhood,1530.0,1550.0,1450.0,1488.0,1590.0,1550.0,1488.0,1550.0,1500.0,1450.0,1625.0,1449.0,1413.0,1462.0,1450.0,1500.0,1950.0,1850.0,1850.0,1900.0,1900.0,1900.0,1900.0,1875.0,1800.0,1825.0,1775.0,1625.0,1737.0,1897.0,1825.0,1725.0,1763.0,1750.0,1900.0,1848.0,2123.0,1799.0,2300.0,2300.0,1975.0,1913.0,2088.0,1890.0,1890.0,1900.0,2035.0,2000.0,1900.0,1900.0,1850.0,1997.0,1895.0,2050.0,2000.0,2033.0,1950.0,1975.0,1995.0,1999.0,1884.0,1800.0,1800.0,1800.0,1997.0,1800.0,1912.0,1912.0,1865.0,1900.0,1900.0,2075.0,1860.0,1862.0,1749.0,1900.0,2017.0,2050.0,2000.0,2200.0,2209.0,2200.0,2149.0,1999.0,1999.0,2200.0,2250.0,2425.0,2425.0,2475.0,2200.0,2550.0,2500.0,2650.0,2450.0,2412.0
Roosevelt Island,Manhattan,neighborhood,3010.0,2995.0,3300.0,3350.0,3230.0,3450.0,3375.0,3395.0,3195.0,2965.0,2995.0,3105.0,3160.0,3828.0,3607.0,3023.0,3655.0,3390.0,3390.0,3198.0,3330.0,3123.0,3146.0,3386.0,3182.0,3253.0,2915.0,3348.0,3278.0,3333.0,3285.0,3128.0,2785.0,2850.0,2850.0,2915.0,2995.0,3265.0,3200.0,3150.0,3260.0,3300.0,3433.0,3630.0,3415.0,3378.0,3277.0,3277.0,3423.0,3245.0,3245.0,3345.0,3278.0,3593.0,3595.0,3505.0,3595.0,3585.0,3850.0,3398.0,3400.0,3243.0,3106.0,3092.0,3200.0,3240.0,3300.0,3375.0,3350.0,3295.0,3320.0,3225.0,2917.0,2917.0,2885.0,3200.0,3193.0,3022.0,3395.0,3495.0,3367.0,3480.0,3679.0,3657.0,3679.0,3800.0,3468.0,3695.0,3878.0,4259.0,3998.0,4098.0,4100.0,3998.0,4150.0,4092.0
Sheepshead Bay,Brooklyn,neighborhood,1638.0,1613.0,1663.0,1675.0,1613.0,1595.0,1600.0,1650.0,1650.0,1750.0,1900.0,1713.0,1795.0,1850.0,1800.0,1850.0,1900.0,1800.0,1800.0,1750.0,1793.0,1795.0,1790.0,1790.0,1850.0,1950.0,1925.0,1950.0,1900.0,1850.0,1800.0,1900.0,1850.0,1738.0,1849.0,1995.0,1913.0,1883.0,1800.0,1870.0,1900.0,1850.0,1875.0,1900.0,1995.0,1795.0,1750.0,1785.0,1750.0,1750.0,1800.0,1800.0,1925.0,1835.0,1835.0,2000.0,1998.0,1845.0,1950.0,1973.0,2190.0,1900.0,1850.0,2255.0,2005.0,2025.0,2000.0,2010.0,1875.0,1900.0,1995.0,1915.0,1869.0,1900.0,1900.0,1800.0,1849.0,1850.0,1850.0,1875.0,1997.0,2000.0,1900.0,1883.0,1913.0,1985.0,1963.0,1900.0,2082.0,2100.0,2250.0,2300.0,2300.0,2395.0,2500.0,2500.0
Soho,Manhattan,neighborhood,4500.0,4500.0,4500.0,4750.0,4977.0,4625.0,4375.0,4500.0,5000.0,5500.0,5500.0,5020.0,4900.0,4188.0,4700.0,4948.0,4675.0,4650.0,4750.0,4500.0,5495.0,5500.0,5750.0,5250.0,4900.0,4795.0,4615.0,4748.0,4728.0,4500.0,5010.0,4898.0,4950.0,5200.0,5813.0,6500.0,5500.0,6000.0,5400.0,5000.0,4998.0,4500.0,4999.0,5550.0,5600.0,5500.0,5500.0,5889.0,6200.0,6200.0,5310.0,4840.0,5175.0,5050.0,5198.0,5350.0,5398.0,5198.0,6650.0,6348.0,5095.0,4500.0,5450.0,5325.0,4448.0,4295.0,4095.0,4050.0,4165.0,3995.0,4151.0,4000.0,3850.0,3998.0,3992.0,3995.0,4200.0,4800.0,4900.0,5700.0,5600.0,6650.0,6825.0,6150.0,5998.0,5900.0,6098.0,6400.0,5650.0,5200.0,5400.0,6050.0,7498.0,6875.0,6998.0,6998.0
Soundview,Bronx,neighborhood,1395.0,1395.0,1400.0,1400.0,1450.0,1325.0,1300.0,1275.0,1290.0,1400.0,1488.0,1700.0,1700.0,1550.0,1765.0,,,,1606.0,1600.0,1588.0,1580.0,1584.0,1675.0,1700.0,1800.0,1650.0,1675.0,1700.0,1750.0,1700.0,1875.0,1675.0,1688.0,1600.0,,1615.0,1675.0,1650.0,1900.0,2063.0,2025.0,2000.0,1875.0,1995.0,1898.0,1800.0,1725.0,1725.0,1513.0,1950.0,2025.0,1947.0,1813.0,1513.0,1650.0,1765.0,1850.0,1984.0,1895.0,2073.0,1850.0,2000.0,2000.0,1895.0,1699.0,1850.0,2075.0,1687.0,1862.0,1862.0,1831.0,1950.0,2036.0,2011.0,2021.0,2075.0,1838.0,2048.0,2000.0,1856.0,1950.0,2250.0,2100.0,2027.0,1791.0,1650.0,,2200.0,2244.0,1941.0,2500.0,2650.0,2425.0,1750.0,2000.0
Staten Island,Staten Island,borough,1600.0,1650.0,1500.0,1500.0,1500.0,1650.0,1750.0,1900.0,1848.0,1675.0,1823.0,1885.0,1950.0,1900.0,1975.0,2000.0,2050.0,2075.0,2075.0,2000.0,2000.0,1960.0,1900.0,1980.0,1950.0,1900.0,1900.0,1918.0,2000.0,2033.0,1950.0,1950.0,1790.0,1875.0,1900.0,1925.0,1800.0,1842.0,1800.0,1825.0,1829.0,1894.0,1950.0,2000.0,2000.0,1865.0,1959.0,1865.0,1853.0,1850.0,1890.0,1875.0,2050.0,2050.0,2000.0,2045.0,2200.0,2200.0,2200.0,2000.0,1952.0,1998.0,2123.0,1831.0,1833.0,1900.0,1900.0,1850.0,1863.0,1950.0,1995.0,2150.0,1950.0,1900.0,1873.0,2000.0,1950.0,1849.0,1849.0,2000.0,2025.0,2125.0,2000.0,2060.0,2050.0,1932.0,1932.0,1975.0,1950.0,1950.0,2050.0,2125.0,2253.0,2200.0,2100.0,2050.0
Stuyvesant Town/PCV,Manhattan,neighborhood,3500.0,3637.0,4081.0,4215.0,3701.0,3553.0,3682.0,3717.0,3712.0,3744.0,3776.0,3724.0,3926.0,3969.0,4292.0,4197.0,4019.0,4022.0,4391.0,4271.0,4157.0,4167.0,3991.0,3879.0,4049.0,3915.0,4040.0,4112.0,4106.0,4222.0,4182.0,4266.0,4435.0,4620.0,4475.0,4710.0,4157.0,4191.0,3804.0,3833.0,3818.0,3807.0,3822.0,3966.0,3769.0,4052.0,3741.0,3774.0,4127.0,3690.0,3655.0,3887.0,3910.0,3792.0,3881.0,3881.0,3885.0,3880.0,3885.0,3753.0,3892.0,4139.0,3908.0,3980.0,3945.0,3910.0,3902.0,3786.0,3770.0,3885.0,3785.0,3872.0,4235.0,3698.0,3677.0,3688.0,3565.0,3650.0,3982.0,4009.0,4174.0,4480.0,4685.0,4644.0,4880.0,4880.0,5182.0,5214.0,5357.0,5334.0,5186.0,4765.0,4700.0,4725.0,4915.0,5332.0
Sunnyside,Queens,neighborhood,1875.0,1850.0,1800.0,1895.0,1950.0,1950.0,2000.0,2000.0,2000.0,2099.0,2013.0,2050.0,2050.0,2000.0,2000.0,2000.0,1950.0,1950.0,1975.0,2025.0,2050.0,2005.0,2000.0,1995.0,2000.0,1970.0,1950.0,1950.0,2000.0,2000.0,2000.0,2000.0,1975.0,2000.0,1963.0,2000.0,1950.0,1950.0,1997.0,2000.0,2000.0,2000.0,2000.0,2000.0,2000.0,1925.0,1958.0,1963.0,1950.0,1950.0,1975.0,1995.0,1950.0,1953.0,1997.0,2050.0,2075.0,2100.0,2050.0,2075.0,2000.0,2000.0,2100.0,2100.0,2100.0,2000.0,2000.0,2000.0,1995.0,1900.0,1800.0,1825.0,1850.0,1795.0,1800.0,1800.0,1800.0,1800.0,1900.0,1930.0,1950.0,2050.0,2000.0,2038.0,2100.0,2150.0,2100.0,2063.0,2300.0,2150.0,2300.0,2350.0,2250.0,2250.0,2200.0,2390.0
Sunset Park,Brooklyn,neighborhood,1850.0,1863.0,1875.0,1973.0,2000.0,2000.0,1995.0,1888.0,1888.0,1955.0,1850.0,2000.0,2000.0,1998.0,1995.0,2000.0,2000.0,2200.0,2000.0,2000.0,2000.0,2000.0,2000.0,1960.0,1960.0,1950.0,2000.0,2000.0,2025.0,2100.0,2195.0,2025.0,2050.0,2000.0,2000.0,2000.0,1999.0,2000.0,1999.0,1990.0,2154.0,2200.0,2200.0,2000.0,2000.0,1995.0,2000.0,1950.0,1985.0,1900.0,2000.0,2000.0,2125.0,2150.0,2195.0,2110.0,2000.0,2099.0,2100.0,2100.0,2100.0,2100.0,2100.0,2062.0,2050.0,2000.0,2099.0,2016.0,1950.0,1900.0,1900.0,1900.0,1850.0,1800.0,1848.0,1850.0,2000.0,1950.0,2000.0,1997.0,2000.0,2000.0,1999.0,2000.0,2000.0,2013.0,2100.0,2300.0,2400.0,2463.0,2400.0,2400.0,2325.0,2400.0,2390.0,2200.0
Throgs Neck,Bronx,neighborhood,,,1975.0,,2200.0,2375.0,,2199.0,1900.0,1800.0,1900.0,1850.0,1900.0,,,,1325.0,1545.0,,,1788.0,,1775.0,,,1800.0,,,1750.0,2000.0,1950.0,1763.0,2150.0,1950.0,1850.0,1800.0,2100.0,1875.0,1850.0,,,2499.0,2400.0,2400.0,2200.0,2150.0,2150.0,2150.0,1600.0,1788.0,,2000.0,2000.0,1950.0,1975.0,,1950.0,2150.0,2250.0,2399.0,,,,,,2300.0,,,,,,,,2373.0,2475.0,2150.0,2200.0,2225.0,2250.0,2250.0,2300.0,2300.0,3000.0,2300.0,2100.0,2200.0,2200.0,2298.0,,,2837.0,2798.0,2713.0,,2650.0,2400.0
Tremont,Bronx,neighborhood,1350.0,,1350.0,1575.0,1475.0,1550.0,1775.0,1750.0,1313.0,1300.0,1350.0,1363.0,1598.0,1550.0,1425.0,1485.0,1498.0,1675.0,1675.0,1699.0,1568.0,1500.0,1547.0,1350.0,1350.0,1350.0,1375.0,1525.0,1625.0,1600.0,1749.0,1725.0,1700.0,1700.0,1700.0,1600.0,1700.0,1800.0,1800.0,1475.0,1800.0,1825.0,1538.0,1849.0,1950.0,1800.0,1750.0,1700.0,1650.0,1675.0,1600.0,1650.0,1650.0,1650.0,1799.0,1799.0,1799.0,1610.0,1550.0,,1912.0,,1924.0,1696.0,1649.0,1738.0,1676.0,1650.0,1625.0,1725.0,1649.0,1649.0,1550.0,1550.0,1638.0,1638.0,1495.0,1598.0,1773.0,1738.0,1738.0,1795.0,1738.0,1700.0,1625.0,2099.0,1995.0,1695.0,1798.0,1738.0,1895.0,1750.0,1750.0,1750.0,1725.0,1725.0
Tribeca,Manhattan,neighborhood,6000.0,6998.0,7100.0,6395.0,6850.0,6773.0,6495.0,6495.0,6495.0,6395.0,6173.0,5978.0,6095.0,6476.0,6500.0,7058.0,7900.0,8000.0,8000.0,7600.0,7999.0,8000.0,7871.0,8000.0,7950.0,7570.0,7950.0,7950.0,7500.0,7500.0,8248.0,6098.0,5995.0,5995.0,5800.0,6433.0,6500.0,6500.0,6695.0,6598.0,6408.0,6800.0,6695.0,7000.0,7200.0,6850.0,6900.0,6692.0,6561.0,5950.0,6083.0,6295.0,6500.0,6595.0,7000.0,6695.0,7600.0,7700.0,7500.0,7500.0,7095.0,7000.0,6795.0,6400.0,6750.0,7000.0,6900.0,6950.0,6600.0,6800.0,6525.0,6794.0,6429.0,5850.0,5450.0,5600.0,5995.0,6448.0,6500.0,6695.0,8163.0,7800.0,7700.0,8673.0,7673.0,7375.0,7500.0,8150.0,8813.0,8973.0,9500.0,10000.0,10000.0,11000.0,11489.0,10000.0
University Heights,Bronx,neighborhood,1300.0,1250.0,1288.0,1300.0,1375.0,1355.0,1335.0,1300.0,1350.0,1350.0,1350.0,1325.0,1350.0,1388.0,1400.0,1358.0,1400.0,1575.0,1562.0,1450.0,1550.0,1637.0,1423.0,1450.0,1575.0,1650.0,1663.0,1675.0,1495.0,1550.0,1500.0,1550.0,1598.0,1575.0,1600.0,1560.0,1638.0,1500.0,1648.0,1649.0,1698.0,1750.0,1875.0,1750.0,1697.0,1693.0,1649.0,1645.0,1599.0,1750.0,1800.0,1800.0,1800.0,1850.0,1650.0,1650.0,1799.0,1799.0,1700.0,1699.0,1750.0,1774.0,1799.0,1649.0,1649.0,1650.0,1650.0,1650.0,1637.0,1799.0,1699.0,1700.0,1692.0,1696.0,1749.0,1721.0,1899.0,1899.0,1700.0,1825.0,1749.0,1812.0,1723.0,1799.0,1759.0,1655.0,1750.0,1849.0,1800.0,1800.0,1900.0,1925.0,1700.0,1750.0,1875.0,1900.0
Upper East Side,Manhattan,neighborhood,2850.0,2900.0,2900.0,2875.0,2950.0,2995.0,2950.0,2995.0,3050.0,2999.0,2900.0,2973.0,2995.0,2979.0,3000.0,3000.0,3000.0,2995.0,2990.0,2925.0,2950.0,2950.0,2975.0,3000.0,2995.0,2995.0,2925.0,2950.0,2950.0,2950.0,2950.0,2900.0,2995.0,2950.0,2995.0,2990.0,2900.0,2895.0,2850.0,2850.0,2850.0,2900.0,2923.0,2900.0,2895.0,2995.0,2995.0,3000.0,3000.0,3000.0,2995.0,2995.0,3000.0,3050.0,3050.0,2995.0,3000.0,3100.0,3208.0,3295.0,3275.0,3250.0,3250.0,3150.0,3058.0,2950.0,2800.0,2700.0,2650.0,2500.0,2495.0,2500.0,2450.0,2475.0,2400.0,2400.0,2470.0,2495.0,2550.0,2700.0,2850.0,2925.0,3200.0,3300.0,3400.0,3500.0,3400.0,3400.0,3500.0,3500.0,3500.0,3745.0,3743.0,3795.0,3800.0,3795.0
Upper West Side,Manhattan,neighborhood,3285.0,3300.0,3250.0,3300.0,3347.0,3388.0,3400.0,3495.0,3550.0,3500.0,3500.0,3495.0,3424.0,3415.0,3425.0,3450.0,3475.0,3428.0,3461.0,3400.0,3450.0,3415.0,3395.0,3345.0,3297.0,3300.0,3250.0,3290.0,3300.0,3350.0,3350.0,3373.0,3350.0,3380.0,3306.0,3330.0,3350.0,3282.0,3250.0,3279.0,3300.0,3350.0,3315.0,3300.0,3395.0,3392.0,3350.0,3395.0,3395.0,3350.0,3387.0,3450.0,3450.0,3450.0,3400.0,3500.0,3600.0,3600.0,3621.0,3549.0,3600.0,3550.0,3500.0,3400.0,3295.0,3200.0,3143.0,3000.0,2921.0,2800.0,2800.0,2800.0,2799.0,2838.0,2800.0,2850.0,3000.0,3000.0,3195.0,3295.0,3514.0,3600.0,3784.0,3922.0,3995.0,4000.0,4075.0,4233.0,4237.0,4200.0,4400.0,4429.0,4500.0,4500.0,4500.0,4400.0
Wakefield,Bronx,neighborhood,1200.0,1300.0,1375.0,1400.0,1370.0,1250.0,1250.0,1300.0,1300.0,1400.0,1400.0,1400.0,1450.0,1450.0,1450.0,1450.0,1450.0,1450.0,1450.0,1450.0,1450.0,1450.0,1395.0,1375.0,1425.0,1500.0,1700.0,1575.0,1450.0,1475.0,1475.0,1475.0,,1500.0,,,,,,,1450.0,1900.0,1900.0,1600.0,2050.0,2100.0,,1700.0,2200.0,2200.0,1899.0,1800.0,1700.0,1900.0,1900.0,2025.0,2199.0,,,,2195.0,1998.0,1900.0,,1825.0,,,,,,,1800.0,1950.0,1713.0,1775.0,1800.0,1850.0,2150.0,2100.0,1700.0,1800.0,1950.0,1998.0,,1650.0,,2050.0,2175.0,2500.0,,2550.0,2500.0,2200.0,,2500.0,2195.0
Washington Heights,Manhattan,neighborhood,1945.0,1900.0,1950.0,2000.0,2050.0,2000.0,2050.0,2100.0,2095.0,2000.0,2000.0,2050.0,2100.0,2100.0,2195.0,2195.0,2175.0,2150.0,2175.0,2195.0,2150.0,2195.0,2187.0,2215.0,2214.0,2150.0,2150.0,2198.0,2195.0,2195.0,2250.0,2200.0,2100.0,2180.0,2100.0,2100.0,2125.0,2125.0,2150.0,2150.0,2154.0,2200.0,2250.0,2250.0,2200.0,2235.0,2222.0,2195.0,2150.0,2200.0,2195.0,2173.0,2250.0,2300.0,2250.0,2250.0,2200.0,2200.0,2195.0,2200.0,2225.0,2250.0,2295.0,2250.0,2195.0,2250.0,2206.0,2195.0,2100.0,2099.0,2100.0,2000.0,1999.0,2000.0,2000.0,2050.0,2095.0,2125.0,2180.0,2198.0,2200.0,2200.0,2200.0,2250.0,2290.0,2295.0,2295.0,2300.0,2400.0,2550.0,2500.0,2450.0,2400.0,2450.0,2400.0,2400.0
West Harlem,Manhattan,neighborhood,2250.0,2200.0,2100.0,2200.0,2250.0,2600.0,2400.0,2438.0,2500.0,2300.0,2300.0,2295.0,2125.0,2150.0,2100.0,2295.0,2325.0,2712.0,2800.0,2600.0,2850.0,3000.0,2879.0,2600.0,2350.0,2498.0,2500.0,2500.0,2600.0,2583.0,2750.0,2698.0,2500.0,2550.0,2575.0,2600.0,2598.0,2623.0,2573.0,2775.0,2700.0,2650.0,2700.0,2800.0,2475.0,2497.0,2450.0,2392.0,2400.0,2369.0,2500.0,2585.0,2475.0,2695.0,2700.0,2600.0,2473.0,2461.0,2500.0,2495.0,2495.0,2600.0,2600.0,2500.0,2600.0,2550.0,2525.0,2295.0,2333.0,2295.0,2295.0,2280.0,2295.0,2293.0,2290.0,2300.0,2350.0,2300.0,2300.0,2500.0,2413.0,2300.0,2400.0,2468.0,2650.0,2625.0,2590.0,2687.0,2945.0,2898.0,3000.0,2850.0,2700.0,2600.0,2593.0,2600.0
West Village,Manhattan,neighborhood,3750.0,3700.0,3650.0,3600.0,3750.0,3745.0,3695.0,3750.0,3750.0,3850.0,3750.0,3860.0,3800.0,3805.0,3800.0,3895.0,3900.0,3950.0,3950.0,3895.0,3750.0,3665.0,3595.0,3565.0,3565.0,3595.0,3600.0,3680.0,3799.0,3800.0,3827.0,3795.0,3695.0,3573.0,3495.0,3498.0,3598.0,3600.0,3725.0,3795.0,3850.0,3825.0,3850.0,3900.0,3895.0,3805.0,3900.0,3850.0,3850.0,3800.0,3840.0,3965.0,4095.0,4250.0,4150.0,3995.0,3995.0,4100.0,4073.0,4114.0,4185.0,4100.0,4171.0,4125.0,3700.0,3648.0,3600.0,3485.0,3316.0,3245.0,3200.0,3140.0,3025.0,3195.0,3095.0,3250.0,3400.0,3500.0,3873.0,4195.0,4360.0,4425.0,4360.0,4495.0,4495.0,4595.0,4650.0,4770.0,4995.0,4873.0,5150.0,5000.0,5000.0,5250.0,5000.0,5000.0
Whitestone,Queens,neighborhood,2250.0,2050.0,2000.0,,2275.0,,,,,2500.0,2375.0,2200.0,2300.0,2350.0,2250.0,2200.0,2400.0,2300.0,2523.0,2425.0,,,,2350.0,2350.0,2350.0,2400.0,2250.0,2200.0,2300.0,2300.0,2695.0,,,,,,,1798.0,2250.0,2200.0,2150.0,2200.0,,,2250.0,2100.0,2338.0,2375.0,2300.0,2300.0,2300.0,2250.0,2200.0,2300.0,2350.0,2350.0,2250.0,2400.0,2300.0,2300.0,2225.0,,,,,2425.0,2325.0,2675.0,2500.0,,,2400.0,,,,5995.0,,2200.0,2600.0,2699.0,,2350.0,2000.0,,2100.0,2200.0,2200.0,2675.0,2850.0,2675.0,2600.0,2700.0,2500.0,2500.0,2498.0
Williamsbridge,Bronx,neighborhood,,,,1300.0,1300.0,1350.0,,,,1558.0,1558.0,,,,,,,,1625.0,,,,,,,2250.0,2175.0,1500.0,1950.0,1898.0,2023.0,,,,,,1588.0,,,,1663.0,1675.0,1763.0,,,2150.0,2125.0,2150.0,1750.0,2100.0,1550.0,1600.0,1797.0,1775.0,2025.0,1825.0,1925.0,2150.0,,1650.0,1688.0,1978.0,,,,,2050.0,1875.0,1850.0,,1850.0,,1750.0,1950.0,1950.0,1650.0,1675.0,1800.0,1975.0,1900.0,,,2400.0,,1500.0,,1848.0,1800.0,1800.0,2200.0,2225.0,2249.0,2249.0,1850.0,1773.0,2249.0
Williamsburg,Brooklyn,neighborhood,3050.0,3050.0,3070.0,3100.0,3150.0,3300.0,3380.0,3300.0,3200.0,3205.0,3250.0,3300.0,3275.0,3200.0,3100.0,3100.0,3195.0,3199.0,3195.0,3200.0,3150.0,3150.0,3100.0,3054.0,3000.0,3000.0,3050.0,3100.0,3142.0,3190.0,3115.0,3115.0,3100.0,3000.0,2966.0,2900.0,2900.0,2950.0,2950.0,2999.0,3000.0,3000.0,3000.0,3000.0,3000.0,2999.0,2900.0,2895.0,2995.0,3000.0,3000.0,3200.0,3299.0,3300.0,3450.0,3450.0,3500.0,3500.0,3600.0,3600.0,3500.0,3500.0,3500.0,3499.0,3301.0,3200.0,3150.0,3000.0,2900.0,2840.0,2800.0,2800.0,2795.0,2800.0,2810.0,2800.0,2850.0,3082.0,3400.0,3677.0,3812.0,3680.0,3775.0,3900.0,3800.0,3950.0,3817.0,4000.0,4000.0,4375.0,4425.0,4373.0,4400.0,4346.0,4150.0,4234.0
Windsor Terrace,Brooklyn,neighborhood,2700.0,2700.0,2637.0,2700.0,2700.0,2800.0,2800.0,2605.0,2600.0,2600.0,2469.0,2460.0,2485.0,2500.0,2500.0,2500.0,2544.0,2491.0,2400.0,2450.0,2592.0,2598.0,2550.0,2599.0,2500.0,2500.0,2400.0,2500.0,2650.0,2750.0,2600.0,2500.0,2500.0,2500.0,2400.0,2384.0,2400.0,2400.0,2475.0,2500.0,2500.0,2522.0,2600.0,2681.0,2643.0,2600.0,2700.0,2580.0,2600.0,2773.0,2750.0,2575.0,2650.0,2800.0,2500.0,2800.0,2800.0,2800.0,2495.0,2500.0,2500.0,2525.0,2695.0,2698.0,2590.0,2800.0,2722.0,2717.0,2684.0,2590.0,2750.0,2750.0,2750.0,2545.0,2700.0,2500.0,2200.0,2425.0,2650.0,2400.0,2650.0,2600.0,3000.0,2900.0,2988.0,2900.0,3000.0,3200.0,3050.0,3000.0,3455.0,3750.0,3425.0,3200.0,2795.0,2950.0
Woodhaven,Queens,neighborhood,1700.0,1700.0,1700.0,1675.0,1735.0,1725.0,,,1650.0,1995.0,1613.0,1675.0,1675.0,,,,,,,1700.0,,,1625.0,1625.0,1595.0,1675.0,1750.0,1995.0,2100.0,1750.0,1700.0,1775.0,2000.0,1995.0,,2188.0,2000.0,2100.0,2175.0,1736.0,1650.0,1725.0,1900.0,1788.0,1725.0,1825.0,1850.0,1742.0,1746.0,1950.0,1950.0,1800.0,1750.0,1725.0,1750.0,1788.0,1788.0,1745.0,1800.0,1725.0,1800.0,1850.0,,,1850.0,1773.0,1838.0,2100.0,2000.0,1838.0,1923.0,2100.0,2000.0,1725.0,1713.0,2350.0,2350.0,1700.0,1697.0,1750.0,2350.0,2200.0,2250.0,2299.0,2200.0,2300.0,2300.0,2288.0,2450.0,2000.0,2400.0,2075.0,2075.0,2313.0,2399.0,2250.0
Woodside,Queens,neighborhood,1925.0,2150.0,1900.0,1838.0,1800.0,1913.0,1800.0,1800.0,1850.0,1600.0,1900.0,1900.0,1900.0,1800.0,1788.0,1775.0,1695.0,1850.0,1900.0,1900.0,1725.0,1800.0,1897.0,2000.0,1750.0,1800.0,1895.0,1890.0,1775.0,2000.0,2098.0,2000.0,2000.0,2000.0,1900.0,1920.0,1795.0,1750.0,1975.0,1975.0,1995.0,2000.0,1763.0,1825.0,1963.0,1850.0,1945.0,1893.0,1850.0,1850.0,1895.0,1875.0,1975.0,1995.0,2000.0,1900.0,1900.0,1890.0,2013.0,2100.0,1895.0,2073.0,2195.0,1850.0,1833.0,1925.0,1850.0,1950.0,1850.0,1850.0,1850.0,1800.0,1775.0,1795.0,1750.0,1750.0,1750.0,1800.0,1825.0,1894.0,2000.0,1950.0,1899.0,1875.0,1963.0,1927.0,2000.0,1900.0,1900.0,2100.0,2200.0,2200.0,2300.0,2263.0,2200.0,2250.0
Woodstock,Bronx,neighborhood,,,,,,,,,,,,,,,,,,,,,,,,,,1825.0,2200.0,,1650.0,,1920.0,,,,1790.0,,,,,2225.0,2240.0,2155.0,1650.0,1787.0,2250.0,1950.0,1950.0,1790.0,2200.0,2025.0,,1950.0,1945.0,1948.0,1645.0,1888.0,1875.0,1888.0,1950.0,,1950.0,1950.0,1950.0,,,,1945.0,1971.0,1600.0,1825.0,1987.0,1963.0,1850.0,1558.0,1375.0,1800.0,2061.0,1838.0,1900.0,1800.0,1975.0,1725.0,1850.0,1875.0,1950.0,1950.0,,1975.0,1950.0,,1950.0,1800.0,1625.0,1800.0,2100.0,2000.0
