Month,AverageRent
1,1425.0
2,1470.0
3,1475.0
4,1475.0
5,1475.0
6,1513.0
7,1525.0
8,1538.0
9,1550.0
10,1550.0
11,1550.0
12,1550.0
13,1550.0
14,1550.0
15,1550.0
16,1575.0
17,1585.0
18,1595.0
19,1598.0
20,1600.0
21,1610.0
22,1645.0
23,1649.0
24,1649.0
25,1650.0
26,1650.0
27,1650.0
28,1673.0
29,1675.0
30,1675.0
31,1675.0
32,1675.0
33,1675.0
34,1693.0
35,1695.0
36,1697.0
37,1698.0
38,1699.0
39,1700.0
40,1700.0
41,1700.0
42,1700.0
43,1700.0
44,1700.0
45,1700.0
46,1720.0
47,1723.0
48,1725.0
49,1725.0
50,1725.0
51,1725.0
52,1725.0
53,1725.0
54,1725.0
55,1725.0
56,1735.0
57,1736.0
58,1738.0
59,1742.0
60,1743.0
61,1748.0
62,1749.0
63,1749.0
64,1750.0
65,1750.0
66,1750.0
67,1750.0
68,1750.0
69,1750.0
70,1750.0
71,1750.0
72,1750.0
73,1750.0
74,1750.0
75,1750.0
76,1750.0
77,1750.0
78,1750.0
79,1750.0
80,1750.0
81,1750.0
82,1750.0
83,1750.0
84,1750.0
85,1763.0
86,1763.0
87,1763.0
88,1765.0
89,1769.0
90,1774.0
91,1775.0
92,1785.0
93,1787.0
94,1788.0
95,1790.0
96,1795.0
97,1795.0
98,1795.0
99,1795.0
100,1795.0
101,1795.0
102,1798.0
103,1799.0
104,1799.0
105,1799.0
106,1800.0
107,1800.0
108,1800.0
109,1800.0
110,1800.0
111,1800.0
112,1800.0
113,1800.0
114,1800.0
115,1800.0
116,1800.0
117,1800.0
118,1800.0
119,1800.0
120,1800.0
121,1800.0
122,1813.0
123,1813.0
124,1815.0
125,1815.0
126,1820.0
127,1825.0
128,1825.0
129,1825.0
130,1825.0
131,1825.0
132,1830.0
133,1833.0
134,1838.0
135,1838.0
136,1840.0
137,1849.0
138,1850.0
139,1850.0
140,1850.0
141,1850.0
142,1850.0
143,1850.0
144,1850.0
145,1850.0
146,1850.0
147,1850.0
148,1850.0
149,1850.0
150,1850.0
151,1850.0
152,1850.0
153,1850.0
154,1850.0
155,1850.0
156,1850.0
157,1853.0
158,1865.0
159,1870.0
160,1875.0
161,1875.0
162,1875.0
163,1875.0
164,1875.0
165,1875.0
166,1875.0
167,1875.0
168,1875.0
169,1875.0
170,1875.0
171,1875.0
172,1875.0
173,1879.0
174,1879.0
175,1880.0
176,1885.0
177,1890.0
178,1890.0
179,1893.0
180,1895.0
181,1895.0
182,1895.0
183,1895.0
184,1898.0
185,1899.0
186,1900.0
187,1900.0
188,1900.0
189,1900.0
190,1900.0
191,1900.0
192,1900.0
193,1900.0
194,1900.0
195,1900.0
196,1900.0
197,1900.0
198,1900.0
199,1900.0
200,1900.0
201,1900.0
202,1900.0
203,1900.0
204,1905.0
205,1913.0
206,1913.0
207,1913.0
208,1925.0
209,1925.0
210,1925.0
211,1925.0
212,1938.0
213,1940.0
214,1945.0
215,1946.0
216,1950.0
217,1950.0
218,1950.0
219,1950.0
220,1950.0
221,1950.0
222,1950.0
223,1950.0
224,1950.0
225,1950.0
226,1950.0
227,1950.0
228,1950.0
229,1950.0
230,1950.0
231,1950.0
232,1950.0
233,1950.0
234,1950.0
235,1950.0
236,1955.0
237,1958.0
238,1960.0
239,1963.0
240,1963.0
241,1963.0
242,1973.0
243,1975.0
244,1975.0
245,1975.0
246,1975.0
247,1975.0
248,1975.0
249,1975.0
250,1975.0
251,1983.0
252,1983.0
253,1990.0
254,1990.0
255,1995.0
256,1995.0
257,1995.0
258,1995.0
259,1995.0
260,1995.0
261,1995.0
262,1995.0
263,1995.0
264,1995.0
265,1995.0
266,1995.0
267,1997.0
268,1998.0
269,1998.0
270,1999.0
271,1999.0
272,2000.0
273,2000.0
274,2000.0
275,2000.0
276,2000.0
277,2000.0
278,2000.0
279,2000.0
280,2000.0
281,2000.0
282,2000.0
283,2000.0
284,2000.0
285,2000.0
286,2000.0
287,2000.0
288,2000.0
289,2000.0
290,2000.0
291,2000.0
292,2000.0
293,2000.0
294,2000.0
295,2000.0
296,2000.0
297,2000.0
298,2000.0
299,2000.0
300,2000.0
301,2000.0
302,2000.0
303,2000.0
304,2000.0
305,2000.0
306,2000.0
307,2000.0
308,2000.0
309,2000.0
310,2000.0
311,2000.0
312,2000.0
313,2000.0
314,2000.0
315,2000.0
316,2000.0
317,2000.0
318,2000.0
319,2000.0
320,2023.0
321,2025.0
322,2025.0
323,2035.0
324,2038.0
325,2040.0
326,2050.0
327,2050.0
328,2050.0
329,2050.0
330,2050.0
331,2050.0
332,2050.0
333,2063.0
334,2063.0
335,2075.0
336,2075.0
337,2076.0
338,2085.0
339,2086.0
340,2088.0
341,2095.0
342,2095.0
343,2095.0
344,2095.0
345,2097.0
346,2099.0
347,2099.0
348,2099.0
349,2099.0
350,2099.0
351,2099.0
352,2100.0
353,2100.0
354,2100.0
355,2100.0
356,2100.0
357,2100.0
358,2100.0
359,2100.0
360,2100.0
361,2100.0
362,2100.0
363,2100.0
364,2100.0
365,2100.0
366,2100.0
367,2100.0
368,2100.0
369,2100.0
370,2104.0
371,2107.0
372,2115.0
373,2118.0
374,2122.0
375,2125.0
376,2125.0
377,2125.0
378,2125.0
379,2142.0
380,2145.0
381,2148.0
382,2150.0
383,2150.0
384,2150.0
385,2150.0
386,2150.0
387,2150.0
388,2150.0
389,2150.0
390,2150.0
391,2150.0
392,2150.0
393,2150.0
394,2150.0
395,2150.0
396,2150.0
397,2150.0
398,2150.0
399,2154.0
400,2154.0
401,2155.0
402,2160.0
403,2168.0
404,2170.0
405,2170.0
406,2175.0
407,2175.0
408,2180.0
409,2192.0
410,2195.0
411,2195.0
412,2198.0
413,2199.0
414,2199.0
415,2199.0
416,2199.0
417,2200.0
418,2200.0
419,2200.0
420,2200.0
421,2200.0
422,2200.0
423,2200.0
424,2200.0
425,2200.0
426,2200.0
427,2200.0
428,2200.0
429,2200.0
430,2200.0
431,2200.0
432,2200.0
433,2200.0
434,2200.0
435,2200.0
436,2200.0
437,2200.0
438,2200.0
439,2200.0
440,2200.0
441,2222.0
442,2225.0
443,2225.0
444,2225.0
445,2225.0
446,2225.0
447,2225.0
448,2235.0
449,2238.0
450,2240.0
451,2248.0
452,2250.0
453,2250.0
454,2250.0
455,2250.0
456,2250.0
457,2250.0
458,2250.0
459,2250.0
460,2250.0
461,2250.0
462,2250.0
463,2250.0
464,2250.0
465,2250.0
466,2250.0
467,2250.0
468,2250.0
469,2250.0
470,2250.0
471,2250.0
472,2250.0
473,2273.0
474,2275.0
475,2275.0
476,2288.0
477,2290.0
478,2296.0
479,2297.0
480,2300.0
481,2300.0
482,2300.0
483,2300.0
484,2300.0
485,2300.0
486,2300.0
487,2300.0
488,2300.0
489,2320.0
490,2325.0
491,2325.0
492,2329.0
493,2344.0
494,2345.0
495,2350.0
496,2350.0
497,2350.0
498,2350.0
499,2350.0
500,2350.0
501,2383.0
502,2388.0
503,2392.0
504,2395.0
505,2395.0
506,2399.0
507,2400.0
508,2400.0
509,2400.0
510,2400.0
511,2400.0
512,2400.0
513,2400.0
514,2400.0
515,2400.0
516,2400.0
517,2400.0
518,2400.0
519,2400.0
520,2400.0
521,2405.0
522,2408.0
523,2420.0
524,2425.0
525,2428.0
526,2450.0
527,2450.0
528,2468.0
529,2475.0
530,2475.0
531,2475.0
532,2475.0
533,2475.0
534,2475.0
535,2475.0
536,2485.0
537,2494.0
538,2495.0
539,2495.0
540,2497.0
541,2499.0
542,2499.0
543,2500.0
544,2500.0
545,2500.0
546,2500.0
547,2500.0
548,2500.0
549,2500.0
550,2500.0
551,2500.0
552,2500.0
553,2500.0
554,2500.0
555,2500.0
556,2500.0
557,2522.0
558,2545.0
559,2550.0
560,2550.0
561,2550.0
562,2550.0
563,2550.0
564,2550.0
565,2550.0
566,2550.0
567,2550.0
568,2550.0
569,2567.0
570,2571.0
571,2571.0
572,2580.0
573,2585.0
574,2595.0
575,2600.0
576,2600.0
577,2600.0
578,2600.0
579,2600.0
580,2600.0
581,2600.0
582,2600.0
583,2600.0
584,2619.0
585,2625.0
586,2643.0
587,2649.0
588,2650.0
589,2654.0
590,2658.0
591,2665.0
592,2673.0
593,2681.0
594,2695.0
595,2695.0
596,2695.0
597,2700.0
598,2700.0
599,2700.0
600,2700.0
601,2700.0
602,2700.0
603,2700.0
604,2700.0
605,2700.0
606,2700.0
607,2700.0
608,2718.0
609,2750.0
610,2750.0
611,2750.0
612,2750.0
613,2750.0
614,2750.0
615,2763.0
616,2769.0
617,2770.0
618,2775.0
619,2775.0
620,2775.0
621,2780.0
622,2780.0
623,2784.0
624,2785.0
625,2795.0
626,2795.0
627,2799.0
628,2800.0
629,2800.0
630,2800.0
631,2800.0
632,2800.0
633,2800.0
634,2800.0
635,2800.0
636,2800.0
637,2800.0
638,2800.0
639,2800.0
640,2815.0
641,2825.0
642,2831.0
643,2848.0
644,2850.0
645,2850.0
646,2850.0
647,2850.0
648,2850.0
649,2850.0
650,2855.0
651,2873.0
652,2875.0
653,2879.0
654,2880.0
655,2880.0
656,2883.0
657,2884.0
658,2888.0
659,2895.0
660,2895.0
661,2897.0
662,2898.0
663,2899.0
664,2900.0
665,2900.0
666,2900.0
667,2900.0
668,2900.0
669,2900.0
670,2900.0
671,2900.0
672,2900.0
673,2923.0
674,2932.0
675,2937.0
676,2938.0
677,2950.0
678,2950.0
679,2950.0
680,2950.0
681,2950.0
682,2950.0
683,2963.0
684,2963.0
685,2963.0
686,2973.0
687,2975.0
688,2979.0
689,2979.0
690,2990.0
691,2995.0
692,2995.0
693,2995.0
694,2995.0
695,2997.0
696,2998.0
697,2999.0
698,2999.0
699,3000.0
700,3000.0
701,3000.0
702,3000.0
703,3000.0
704,3000.0
705,3000.0
706,3000.0
707,3000.0
708,3000.0
709,3000.0
710,3000.0
711,3000.0
712,3000.0
713,3000.0
714,3010.0
715,3024.0
716,3045.0
717,3048.0
718,3050.0
719,3063.0
720,3095.0
721,3098.0
722,3100.0
723,3100.0
724,3100.0
725,3100.0
726,3100.0
727,3100.0
728,3100.0
729,3100.0
730,3100.0
731,3100.0
732,3102.0
733,3115.0
734,3123.0
735,3150.0
736,3150.0
737,3150.0
738,3150.0
739,3150.0
740,3176.0
741,3176.0
742,3195.0
743,3198.0
744,3200.0
745,3200.0
746,3200.0
747,3200.0
748,3200.0
749,3200.0
750,3200.0
751,3200.0
752,3200.0
753,3200.0
754,3200.0
755,3204.0
756,3204.0
757,3225.0
758,3250.0
759,3250.0
760,3250.0
761,3250.0
762,3250.0
763,3250.0
764,3257.0
765,3260.0
766,3270.0
767,3274.0
768,3275.0
769,3277.0
770,3277.0
771,3279.0
772,3283.0
773,3285.0
774,3300.0
775,3300.0
776,3300.0
777,3300.0
778,3300.0
779,3300.0
780,3300.0
781,3313.0
782,3315.0
783,3323.0
784,3325.0
785,3345.0
786,3350.0
787,3350.0
788,3350.0
789,3367.0
790,3369.0
791,3378.0
792,3387.0
793,3389.0
794,3390.0
795,3392.0
796,3392.0
797,3395.0
798,3395.0
799,3395.0
800,3395.0
801,3395.0
802,3395.0
803,3400.0
804,3400.0
805,3400.0
806,3400.0
807,3400.0
808,3400.0
809,3405.0
810,3415.0
811,3415.0
812,3420.0
813,3425.0
814,3433.0
815,3450.0
816,3450.0
817,3452.0
818,3456.0
819,3460.0
820,3460.0
821,3470.0
822,3475.0
823,3485.0
824,3490.0
825,3495.0
826,3495.0
827,3500.0
828,3500.0
829,3500.0
830,3500.0
831,3500.0
832,3550.0
833,3575.0
834,3580.0
835,3585.0
836,3590.0
837,3595.0
838,3595.0
839,3600.0
840,3600.0
841,3625.0
842,3630.0
843,3643.0
844,3645.0
845,3645.0
846,3650.0
847,3650.0
848,3670.0
849,3692.0
850,3695.0
851,3695.0
852,3700.0
853,3700.0
854,3700.0
855,3703.0
856,3714.0
857,3737.0
858,3741.0
859,3755.0
860,3769.0
861,3774.0
862,3789.0
863,3795.0
864,3795.0
865,3799.0
866,3800.0
867,3800.0
868,3800.0
869,3800.0
870,3805.0
871,3807.0
872,3818.0
873,3822.0
874,3825.0
875,3830.0
876,3833.0
877,3850.0
878,3850.0
879,3850.0
880,3850.0
881,3850.0
882,3873.0
883,3895.0
884,3895.0
885,3895.0
886,3895.0
887,3900.0
888,3900.0
889,3900.0
890,3900.0
891,3900.0
892,3923.0
893,3950.0
894,3950.0
895,3965.0
896,3966.0
897,3988.0
898,3995.0
899,3995.0
900,3995.0
901,3995.0
902,4000.0
903,4000.0
904,4000.0
905,4011.0
906,4027.0
907,4045.0
908,4052.0
909,4075.0
910,4079.0
911,4128.0
912,4200.0
913,4240.0
914,4278.0
915,4428.0
916,4495.0
917,4500.0
918,4500.0
919,4500.0
920,4500.0
921,4523.0
922,4523.0
923,4575.0
924,4595.0
925,4598.0
926,4608.0
927,4635.0
928,4650.0
929,4650.0
930,4653.0
931,4858.0
932,4858.0
933,4863.0
934,4875.0
935,4962.0
936,4973.0
937,4995.0
938,4998.0
939,4999.0
940,5000.0
941,5500.0
942,5500.0
943,5550.0
944,5600.0
945,5889.0
946,6408.0
947,6598.0
948,6692.0
949,6695.0
950,6800.0
951,6800.0
952,6800.0
953,6850.0
954,6900.0
955,7000.0
956,7200.0
957,7225.0
958,7495.0
959,7500.0
960,7650.0
961,7800.0
962,7820.0
963,8999.0
964,1475.0
965,1500.0
966,1513.0
967,1513.0
968,1550.0
969,1550.0
970,1550.0
971,1575.0
972,1595.0
973,1598.0
974,1598.0
975,1599.0
976,1600.0
977,1600.0
978,1600.0
979,1605.0
980,1610.0
981,1625.0
982,1625.0
983,1625.0
984,1625.0
985,1625.0
986,1630.0
987,1636.0
988,1645.0
989,1650.0
990,1650.0
991,1650.0
992,1650.0
993,1650.0
994,1650.0
995,1650.0
996,1650.0
997,1650.0
998,1650.0
999,1650.0
1000,1650.0
1001,1650.0
1002,1673.0
1003,1675.0
1004,1675.0
1005,1675.0
1006,1675.0
1007,1675.0
1008,1695.0
1009,1695.0
1010,1695.0
1011,1695.0
1012,1695.0
1013,1695.0
1014,1698.0
1015,1698.0
1016,1699.0
1017,1699.0
1018,1700.0
1019,1700.0
1020,1700.0
1021,1700.0
1022,1700.0
1023,1700.0
1024,1700.0
1025,1700.0
1026,1700.0
1027,1700.0
1028,1700.0
1029,1700.0
1030,1700.0
1031,1713.0
1032,1715.0
1033,1722.0
1034,1725.0
1035,1725.0
1036,1725.0
1037,1742.0
1038,1745.0
1039,1746.0
1040,1748.0
1041,1750.0
1042,1750.0
1043,1750.0
1044,1750.0
1045,1750.0
1046,1750.0
1047,1750.0
1048,1750.0
1049,1750.0
1050,1750.0
1051,1750.0
1052,1750.0
1053,1750.0
1054,1750.0
1055,1750.0
1056,1750.0
1057,1750.0
1058,1750.0
1059,1750.0
1060,1750.0
1061,1750.0
1062,1750.0
1063,1750.0
1064,1750.0
1065,1750.0
1066,1757.0
1067,1760.0
1068,1765.0
1069,1775.0
1070,1775.0
1071,1785.0
1072,1785.0
1073,1786.0
1074,1788.0
1075,1788.0
1076,1795.0
1077,1795.0
1078,1795.0
1079,1795.0
1080,1795.0
1081,1795.0
1082,1795.0
1083,1799.0
1084,1799.0
1085,1799.0
1086,1799.0
1087,1799.0
1088,1799.0
1089,1799.0
1090,1799.0
1091,1799.0
1092,1799.0
1093,1800.0
1094,1800.0
1095,1800.0
1096,1800.0
1097,1800.0
1098,1800.0
1099,1800.0
1100,1800.0
1101,1800.0
1102,1800.0
1103,1800.0
1104,1800.0
1105,1800.0
1106,1800.0
1107,1800.0
1108,1800.0
1109,1803.0
1110,1810.0
1111,1813.0
1112,1813.0
1113,1813.0
1114,1822.0
1115,1825.0
1116,1825.0
1117,1825.0
1118,1825.0
1119,1828.0
1120,1833.0
1121,1833.0
1122,1833.0
1123,1835.0
1124,1835.0
1125,1842.0
1126,1843.0
1127,1843.0
1128,1845.0
1129,1847.0
1130,1849.0
1131,1849.0
1132,1850.0
1133,1850.0
1134,1850.0
1135,1850.0
1136,1850.0
1137,1850.0
1138,1850.0
1139,1850.0
1140,1850.0
1141,1850.0
1142,1850.0
1143,1850.0
1144,1850.0
1145,1850.0
1146,1850.0
1147,1850.0
1148,1850.0
1149,1850.0
1150,1850.0
1151,1850.0
1152,1850.0
1153,1850.0
1154,1850.0
1155,1850.0
1156,1850.0
1157,1856.0
1158,1863.0
1159,1871.0
1160,1875.0
1161,1875.0
1162,1875.0
1163,1875.0
1164,1875.0
1165,1875.0
1166,1875.0
1167,1875.0
1168,1875.0
1169,1878.0
1170,1883.0
1171,1884.0
1172,1885.0
1173,1885.0
1174,1886.0
1175,1888.0
1176,1888.0
1177,1888.0
1178,1890.0
1179,1895.0
1180,1895.0
1181,1895.0
1182,1895.0
1183,1895.0
1184,1895.0
1185,1895.0
1186,1895.0
1187,1895.0
1188,1895.0
1189,1895.0
1190,1898.0
1191,1898.0
1192,1899.0
1193,1899.0
1194,1900.0
1195,1900.0
1196,1900.0
1197,1900.0
1198,1900.0
1199,1900.0
1200,1900.0
1201,1900.0
1202,1900.0
1203,1900.0
1204,1900.0
1205,1900.0
1206,1900.0
1207,1900.0
1208,1900.0
1209,1900.0
1210,1900.0
1211,1900.0
1212,1900.0
1213,1900.0
1214,1900.0
1215,1900.0
1216,1900.0
1217,1900.0
1218,1900.0
1219,1900.0
1220,1910.0
1221,1913.0
1222,1923.0
1223,1925.0
1224,1925.0
1225,1925.0
1226,1925.0
1227,1929.0
1228,1935.0
1229,1938.0
1230,1938.0
1231,1938.0
1232,1940.0
1233,1945.0
1234,1945.0
1235,1947.0
1236,1948.0
1237,1948.0
1238,1949.0
1239,1950.0
1240,1950.0
1241,1950.0
1242,1950.0
1243,1950.0
1244,1950.0
1245,1950.0
1246,1950.0
1247,1950.0
1248,1950.0
1249,1950.0
1250,1950.0
1251,1950.0
1252,1950.0
1253,1950.0
1254,1950.0
1255,1950.0
1256,1950.0
1257,1950.0
1258,1950.0
1259,1950.0
1260,1950.0
1261,1950.0
1262,1950.0
1263,1950.0
1264,1950.0
1265,1950.0
1266,1952.0
1267,1953.0
1268,1958.0
1269,1963.0
1270,1963.0
1271,1973.0
1272,1973.0
1273,1975.0
1274,1975.0
1275,1975.0
1276,1975.0
1277,1975.0
1278,1975.0
1279,1975.0
1280,1975.0
1281,1984.0
1282,1985.0
1283,1985.0
1284,1986.0
1285,1990.0
1286,1990.0
1287,1992.0
1288,1995.0
1289,1995.0
1290,1995.0
1291,1995.0
1292,1995.0
1293,1995.0
1294,1995.0
1295,1995.0
1296,1997.0
1297,1997.0
1298,1997.0
1299,1997.0
1300,1998.0
1301,1998.0
1302,1998.0
1303,1999.0
1304,1999.0
1305,2000.0
1306,2000.0
1307,2000.0
1308,2000.0
1309,2000.0
1310,2000.0
1311,2000.0
1312,2000.0
1313,2000.0
1314,2000.0
1315,2000.0
1316,2000.0
1317,2000.0
1318,2000.0
1319,2000.0
1320,2000.0
1321,2000.0
1322,2000.0
1323,2000.0
1324,2000.0
1325,2000.0
1326,2000.0
1327,2000.0
1328,2000.0
1329,2000.0
1330,2000.0
1331,2000.0
1332,2000.0
1333,2000.0
1334,2000.0
1335,2000.0
1336,2000.0
1337,2000.0
1338,2000.0
1339,2000.0
1340,2000.0
1341,2000.0
1342,2008.0
1343,2013.0
1344,2013.0
1345,2018.0
1346,2025.0
1347,2025.0
1348,2025.0
1349,2025.0
1350,2033.0
1351,2048.0
1352,2050.0
1353,2050.0
1354,2050.0
1355,2050.0
1356,2050.0
1357,2050.0
1358,2050.0
1359,2050.0
1360,2050.0
1361,2050.0
1362,2050.0
1363,2050.0
1364,2050.0
1365,2050.0
1366,2054.0
1367,2060.0
1368,2060.0
1369,2062.0
1370,2065.0
1371,2075.0
1372,2075.0
1373,2075.0
1374,2075.0
1375,2075.0
1376,2085.0
1377,2093.0
1378,2095.0
1379,2095.0
1380,2098.0
1381,2098.0
1382,2098.0
1383,2099.0
1384,2099.0
1385,2099.0
1386,2100.0
1387,2100.0
1388,2100.0
1389,2100.0
1390,2100.0
1391,2100.0
1392,2100.0
1393,2100.0
1394,2100.0
1395,2100.0
1396,2100.0
1397,2100.0
1398,2100.0
1399,2100.0
1400,2100.0
1401,2100.0
1402,2100.0
1403,2100.0
1404,2100.0
1405,2100.0
1406,2100.0
1407,2100.0
1408,2100.0
1409,2100.0
1410,2100.0
1411,2100.0
1412,2100.0
1413,2100.0
1414,2100.0
1415,2100.0
1416,2100.0
1417,2100.0
1418,2100.0
1419,2100.0
1420,2100.0
1421,2100.0
1422,2100.0
1423,2100.0
1424,2100.0
1425,2100.0
1426,2100.0
1427,2100.0
1428,2100.0
1429,2100.0
1430,2100.0
1431,2100.0
1432,2103.0
1433,2110.0
1434,2113.0
1435,2113.0
1436,2125.0
1437,2125.0
1438,2125.0
1439,2125.0
1440,2138.0
1441,2138.0
1442,2139.0
1443,2149.0
1444,2150.0
1445,2150.0
1446,2150.0
1447,2150.0
1448,2150.0
1449,2150.0
1450,2150.0
1451,2150.0
1452,2150.0
1453,2150.0
1454,2150.0
1455,2150.0
1456,2150.0
1457,2150.0
1458,2150.0
1459,2150.0
1460,2153.0
1461,2154.0
1462,2155.0
1463,2157.0
1464,2161.0
1465,2161.0
1466,2162.0
1467,2165.0
1468,2166.0
1469,2166.0
1470,2170.0
1471,2170.0
1472,2170.0
1473,2170.0
1474,2170.0
1475,2170.0
1476,2173.0
1477,2175.0
1478,2175.0
1479,2175.0
1480,2175.0
1481,2175.0
1482,2175.0
1483,2178.0
1484,2185.0
1485,2185.0
1486,2189.0
1487,2194.0
1488,2194.0
1489,2195.0
1490,2195.0
1491,2195.0
1492,2195.0
1493,2195.0
1494,2195.0
1495,2199.0
1496,2199.0
1497,2199.0
1498,2199.0
1499,2200.0
1500,2200.0
1501,2200.0
1502,2200.0
1503,2200.0
1504,2200.0
1505,2200.0
1506,2200.0
1507,2200.0
1508,2200.0
1509,2200.0
1510,2200.0
1511,2200.0
1512,2200.0
1513,2200.0
1514,2200.0
1515,2200.0
1516,2200.0
1517,2200.0
1518,2200.0
1519,2200.0
1520,2200.0
1521,2200.0
1522,2200.0
1523,2200.0
1524,2200.0
1525,2200.0
1526,2200.0
1527,2200.0
1528,2200.0
1529,2200.0
1530,2200.0
1531,2200.0
1532,2200.0
1533,2200.0
1534,2200.0
1535,2200.0
1536,2200.0
1537,2200.0
1538,2200.0
1539,2200.0
1540,2200.0
1541,2200.0
1542,2200.0
1543,2200.0
1544,2200.0
1545,2200.0
1546,2200.0
1547,2200.0
1548,2215.0
1549,2215.0
1550,2215.0
1551,2225.0
1552,2225.0
1553,2238.0
1554,2238.0
1555,2242.0
1556,2244.0
1557,2246.0
1558,2250.0
1559,2250.0
1560,2250.0
1561,2250.0
1562,2250.0
1563,2250.0
1564,2250.0
1565,2250.0
1566,2250.0
1567,2250.0
1568,2250.0
1569,2250.0
1570,2250.0
1571,2250.0
1572,2250.0
1573,2250.0
1574,2250.0
1575,2250.0
1576,2250.0
1577,2250.0
1578,2250.0
1579,2255.0
1580,2273.0
1581,2273.0
1582,2273.0
1583,2285.0
1584,2287.0
1585,2292.0
1586,2294.0
1587,2294.0
1588,2295.0
1589,2295.0
1590,2295.0
1591,2299.0
1592,2299.0
1593,2299.0
1594,2300.0
1595,2300.0
1596,2300.0
1597,2300.0
1598,2300.0
1599,2300.0
1600,2300.0
1601,2300.0
1602,2300.0
1603,2300.0
1604,2300.0
1605,2300.0
1606,2300.0
1607,2300.0
1608,2300.0
1609,2300.0
1610,2305.0
1611,2307.0
1612,2307.0
1613,2311.0
1614,2313.0
1615,2323.0
1616,2325.0
1617,2333.0
1618,2349.0
1619,2350.0
1620,2350.0
1621,2350.0
1622,2350.0
1623,2350.0
1624,2350.0
1625,2350.0
1626,2363.0
1627,2365.0
1628,2369.0
1629,2375.0
1630,2375.0
1631,2381.0
1632,2387.0
1633,2389.0
1634,2395.0
1635,2395.0
1636,2398.0
1637,2399.0
1638,2399.0
1639,2399.0
1640,2400.0
1641,2400.0
1642,2400.0
1643,2400.0
1644,2400.0
1645,2400.0
1646,2400.0
1647,2400.0
1648,2400.0
1649,2400.0
1650,2400.0
1651,2400.0
1652,2425.0
1653,2428.0
1654,2429.0
1655,2433.0
1656,2438.0
1657,2446.0
1658,2450.0
1659,2450.0
1660,2450.0
1661,2450.0
1662,2450.0
1663,2450.0
1664,2450.0
1665,2461.0
1666,2461.0
1667,2470.0
1668,2473.0
1669,2473.0
1670,2475.0
1671,2475.0
1672,2475.0
1673,2492.0
1674,2495.0
1675,2495.0
1676,2495.0
1677,2498.0
1678,2498.0
1679,2499.0
1680,2499.0
1681,2500.0
1682,2500.0
1683,2500.0
1684,2500.0
1685,2500.0
1686,2500.0
1687,2500.0
1688,2500.0
1689,2500.0
1690,2500.0
1691,2500.0
1692,2500.0
1693,2500.0
1694,2500.0
1695,2500.0
1696,2500.0
1697,2500.0
1698,2500.0
1699,2500.0
1700,2500.0
1701,2500.0
1702,2520.0
1703,2543.0
1704,2548.0
1705,2549.0
1706,2550.0
1707,2550.0
1708,2550.0
1709,2550.0
1710,2563.0
1711,2563.0
1712,2563.0
1713,2575.0
1714,2585.0
1715,2590.0
1716,2590.0
1717,2595.0
1718,2595.0
1719,2595.0
1720,2599.0
1721,2599.0
1722,2600.0
1723,2600.0
1724,2600.0
1725,2600.0
1726,2600.0
1727,2600.0
1728,2600.0
1729,2600.0
1730,2600.0
1731,2600.0
1732,2613.0
1733,2620.0
1734,2625.0
1735,2650.0
1736,2650.0
1737,2650.0
1738,2650.0
1739,2650.0
1740,2650.0
1741,2656.0
1742,2670.0
1743,2685.0
1744,2695.0
1745,2695.0
1746,2695.0
1747,2700.0
1748,2700.0
1749,2700.0
1750,2700.0
1751,2700.0
1752,2700.0
1753,2700.0
1754,2700.0
1755,2700.0
1756,2700.0
1757,2700.0
1758,2700.0
1759,2700.0
1760,2700.0
1761,2700.0
1762,2700.0
1763,2700.0
1764,2749.0
1765,2749.0
1766,2750.0
1767,2750.0
1768,2750.0
1769,2750.0
1770,2763.0
1771,2773.0
1772,2799.0
1773,2799.0
1774,2799.0
1775,2799.0
1776,2800.0
1777,2800.0
1778,2800.0
1779,2800.0
1780,2800.0
1781,2800.0
1782,2800.0
1783,2800.0
1784,2800.0
1785,2800.0
1786,2847.0
1787,2847.0
1788,2850.0
1789,2850.0
1790,2850.0
1791,2850.0
1792,2850.0
1793,2850.0
1794,2850.0
1795,2875.0
1796,2895.0
1797,2895.0
1798,2895.0
1799,2899.0
1800,2900.0
1801,2900.0
1802,2900.0
1803,2900.0
1804,2900.0
1805,2900.0
1806,2900.0
1807,2925.0
1808,2925.0
1809,2929.0
1810,2945.0
1811,2950.0
1812,2950.0
1813,2950.0
1814,2950.0
1815,2950.0
1816,2950.0
1817,2950.0
1818,2950.0
1819,2950.0
1820,2950.0
1821,2973.0
1822,2975.0
1823,2980.0
1824,2995.0
1825,2995.0
1826,2995.0
1827,2995.0
1828,2995.0
1829,2995.0
1830,2998.0
1831,2999.0
1832,2999.0
1833,3000.0
1834,3000.0
1835,3000.0
1836,3000.0
1837,3000.0
1838,3000.0
1839,3000.0
1840,3000.0
1841,3000.0
1842,3000.0
1843,3000.0
1844,3000.0
1845,3000.0
1846,3000.0
1847,3000.0
1848,3000.0
1849,3000.0
1850,3000.0
1851,3000.0
1852,3000.0
1853,3000.0
1854,3000.0
1855,3000.0
1856,3000.0
1857,3000.0
1858,3000.0
1859,3013.0
1860,3048.0
1861,3048.0
1862,3050.0
1863,3050.0
1864,3050.0
1865,3050.0
1866,3051.0
1867,3084.0
1868,3094.0
1869,3100.0
1870,3100.0
1871,3100.0
1872,3100.0
1873,3100.0
1874,3100.0
1875,3100.0
1876,3108.0
1877,3110.0
1878,3114.0
1879,3116.0
1880,3123.0
1881,3135.0
1882,3135.0
1883,3140.0
1884,3145.0
1885,3157.0
1886,3162.0
1887,3165.0
1888,3170.0
1889,3187.0
1890,3187.0
1891,3195.0
1892,3195.0
1893,3195.0
1894,3200.0
1895,3200.0
1896,3200.0
1897,3200.0
1898,3200.0
1899,3200.0
1900,3200.0
1901,3200.0
1902,3200.0
1903,3200.0
1904,3200.0
1905,3200.0
1906,3200.0
1907,3200.0
1908,3208.0
1909,3225.0
1910,3237.0
1911,3245.0
1912,3245.0
1913,3250.0
1914,3250.0
1915,3250.0
1916,3250.0
1917,3250.0
1918,3250.0
1919,3252.0
1920,3262.0
1921,3268.0
1922,3270.0
1923,3278.0
1924,3295.0
1925,3295.0
1926,3295.0
1927,3295.0
1928,3296.0
1929,3299.0
1930,3300.0
1931,3300.0
1932,3300.0
1933,3300.0
1934,3300.0
1935,3300.0
1936,3300.0
1937,3300.0
1938,3300.0
1939,3300.0
1940,3300.0
1941,3305.0
1942,3320.0
1943,3323.0
1944,3324.0
1945,3345.0
1946,3348.0
1947,3350.0
1948,3350.0
1949,3350.0
1950,3350.0
1951,3366.0
1952,3369.0
1953,3375.0
1954,3375.0
1955,3375.0
1956,3381.0
1957,3382.0
1958,3384.0
1959,3387.0
1960,3387.0
1961,3388.0
1962,3390.0
1963,3395.0
1964,3395.0
1965,3395.0
1966,3398.0
1967,3398.0
1968,3400.0
1969,3400.0
1970,3400.0
1971,3400.0
1972,3400.0
1973,3400.0
1974,3400.0
1975,3400.0
1976,3400.0
1977,3400.0
1978,3400.0
1979,3400.0
1980,3412.0
1981,3422.0
1982,3423.0
1983,3425.0
1984,3450.0
1985,3450.0
1986,3450.0
1987,3450.0
1988,3450.0
1989,3450.0
1990,3450.0
1991,3450.0
1992,3450.0
1993,3450.0
1994,3475.0
1995,3483.0
1996,3485.0
1997,3490.0
1998,3495.0
1999,3498.0
2000,3500.0
2001,3500.0
2002,3500.0
2003,3500.0
2004,3500.0
2005,3500.0
2006,3500.0
2007,3500.0
2008,3500.0
2009,3500.0
2010,3500.0
2011,3500.0
2012,3500.0
2013,3500.0
2014,3500.0
2015,3505.0
2016,3505.0
2017,3506.0
2018,3512.0
2019,3513.0
2020,3520.0
2021,3549.0
2022,3550.0
2023,3550.0
2024,3550.0
2025,3562.0
2026,3563.0
2027,3563.0
2028,3575.0
2029,3575.0
2030,3585.0
2031,3585.0
2032,3590.0
2033,3593.0
2034,3593.0
2035,3595.0
2036,3595.0
2037,3595.0
2038,3595.0
2039,3600.0
2040,3600.0
2041,3600.0
2042,3600.0
2043,3600.0
2044,3600.0
2045,3600.0
2046,3600.0
2047,3600.0
2048,3618.0
2049,3621.0
2050,3624.0
2051,3634.0
2052,3636.0
2053,3640.0
2054,3646.0
2055,3647.0
2056,3650.0
2057,3650.0
2058,3650.0
2059,3650.0
2060,3650.0
2061,3655.0
2062,3659.0
2063,3662.0
2064,3664.0
2065,3667.0
2066,3690.0
2067,3698.0
2068,3698.0
2069,3700.0
2070,3700.0
2071,3700.0
2072,3750.0
2073,3750.0
2074,3750.0
2075,3750.0
2076,3753.0
2077,3755.0
2078,3771.0
2079,3773.0
2080,3773.0
2081,3775.0
2082,3790.0
2083,3792.0
2084,3795.0
2085,3795.0
2086,3795.0
2087,3795.0
2088,3795.0
2089,3795.0
2090,3800.0
2091,3800.0
2092,3800.0
2093,3800.0
2094,3800.0
2095,3800.0
2096,3825.0
2097,3829.0
2098,3840.0
2099,3850.0
2100,3850.0
2101,3850.0
2102,3850.0
2103,3850.0
2104,3855.0
2105,3858.0
2106,3880.0
2107,3881.0
2108,3881.0
2109,3885.0
2110,3885.0
2111,3887.0
2112,3895.0
2113,3895.0
2114,3900.0
2115,3900.0
2116,3900.0
2117,3910.0
2118,3912.0
2119,3965.0
2120,3995.0
2121,3995.0
2122,3995.0
2123,3995.0
2124,3995.0
2125,3998.0
2126,4000.0
2127,4000.0
2128,4000.0
2129,4000.0
2130,4000.0
2131,4003.0
2132,4023.0
2133,4023.0
2134,4073.0
2135,4086.0
2136,4095.0
2137,4100.0
2138,4100.0
2139,4113.0
2140,4114.0
2141,4125.0
2142,4125.0
2143,4127.0
2144,4129.0
2145,4149.0
2146,4150.0
2147,4150.0
2148,4150.0
2149,4188.0
2150,4195.0
2151,4195.0
2152,4195.0
2153,4198.0
2154,4221.0
2155,4250.0
2156,4250.0
2157,4250.0
2158,4263.0
2159,4295.0
2160,4295.0
2161,4295.0
2162,4295.0
2163,4298.0
2164,4300.0
2165,4300.0
2166,4309.0
2167,4315.0
2168,4325.0
2169,4362.0
2170,4365.0
2171,4400.0
2172,4413.0
2173,4423.0
2174,4450.0
2175,4462.0
2176,4495.0
2177,4495.0
2178,4500.0
2179,4525.0
2180,4532.0
2181,4596.0
2182,4607.0
2183,4650.0
2184,4667.0
2185,4750.0
2186,4750.0
2187,4773.0
2188,4780.0
2189,4798.0
2190,4830.0
2191,4840.0
2192,4875.0
2193,4885.0
2194,4895.0
2195,4912.0
2196,4923.0
2197,4928.0
2198,4950.0
2199,4950.0
2200,4950.0
2201,4950.0
2202,4957.0
2203,4993.0
2204,4995.0
2205,5050.0
2206,5125.0
2207,5165.0
2208,5175.0
2209,5195.0
2210,5198.0
2211,5198.0
2212,5236.0
2213,5271.0
2214,5310.0
2215,5350.0
2216,5398.0
2217,5950.0
2218,6083.0
2219,6200.0
2220,6200.0
2221,6295.0
2222,6348.0
2223,6500.0
2224,6500.0
2225,6561.0
2226,6595.0
2227,6600.0
2228,6650.0
2229,6695.0
2230,6721.0
2231,6800.0
2232,6950.0
2233,7000.0
2234,7350.0
2235,7425.0
2236,7450.0
2237,7450.0
2238,7500.0
2239,7500.0
2240,7500.0
2241,7500.0
2242,7550.0
2243,7600.0
2244,7700.0
2245,1525.0
2246,1537.0
2247,1548.0
2248,1550.0
2249,1600.0
2250,1600.0
2251,1613.0
2252,1623.0
2253,1623.0
2254,1625.0
2255,1625.0
2256,1625.0
2257,1637.0
2258,1638.0
2259,1640.0
2260,1645.0
2261,1648.0
2262,1648.0
2263,1649.0
2264,1649.0
2265,1649.0
2266,1649.0
2267,1649.0
2268,1650.0
2269,1650.0
2270,1650.0
2271,1650.0
2272,1650.0
2273,1650.0
2274,1650.0
2275,1650.0
2276,1650.0
2277,1650.0
2278,1663.0
2279,1674.0
2280,1675.0
2281,1675.0
2282,1675.0
2283,1675.0
2284,1676.0
2285,1687.0
2286,1688.0
2287,1688.0
2288,1695.0
2289,1695.0
2290,1695.0
2291,1696.0
2292,1699.0
2293,1699.0
2294,1699.0
2295,1700.0
2296,1700.0
2297,1700.0
2298,1700.0
2299,1700.0
2300,1700.0
2301,1700.0
2302,1700.0
2303,1700.0
2304,1700.0
2305,1700.0
2306,1700.0
2307,1700.0
2308,1700.0
2309,1720.0
2310,1725.0
2311,1725.0
2312,1725.0
2313,1725.0
2314,1725.0
2315,1726.0
2316,1727.0
2317,1737.0
2318,1738.0
2319,1738.0
2320,1745.0
2321,1749.0
2322,1750.0
2323,1750.0
2324,1750.0
2325,1750.0
2326,1750.0
2327,1750.0
2328,1750.0
2329,1752.0
2330,1763.0
2331,1773.0
2332,1774.0
2333,1775.0
2334,1775.0
2335,1775.0
2336,1775.0
2337,1775.0
2338,1776.0
2339,1776.0
2340,1785.0
2341,1785.0
2342,1785.0
2343,1785.0
2344,1786.0
2345,1787.0
2346,1788.0
2347,1790.0
2348,1795.0
2349,1795.0
2350,1795.0
2351,1795.0
2352,1795.0
2353,1795.0
2354,1795.0
2355,1797.0
2356,1797.0
2357,1799.0
2358,1799.0
2359,1799.0
2360,1800.0
2361,1800.0
2362,1800.0
2363,1800.0
2364,1800.0
2365,1800.0
2366,1800.0
2367,1800.0
2368,1800.0
2369,1800.0
2370,1800.0
2371,1800.0
2372,1800.0
2373,1800.0
2374,1800.0
2375,1800.0
2376,1800.0
2377,1800.0
2378,1800.0
2379,1800.0
2380,1800.0
2381,1800.0
2382,1800.0
2383,1806.0
2384,1809.0
2385,1810.0
2386,1810.0
2387,1813.0
2388,1813.0
2389,1813.0
2390,1815.0
2391,1821.0
2392,1825.0
2393,1825.0
2394,1825.0
2395,1825.0
2396,1825.0
2397,1825.0
2398,1825.0
2399,1825.0
2400,1831.0
2401,1832.0
2402,1833.0
2403,1835.0
2404,1838.0
2405,1838.0
2406,1838.0
2407,1843.0
2408,1843.0
2409,1850.0
2410,1850.0
2411,1850.0
2412,1850.0
2413,1850.0
2414,1850.0
2415,1850.0
2416,1850.0
2417,1850.0
2418,1850.0
2419,1850.0
2420,1850.0
2421,1850.0
2422,1850.0
2423,1850.0
2424,1850.0
2425,1850.0
2426,1850.0
2427,1850.0
2428,1850.0
2429,1850.0
2430,1850.0
2431,1850.0
2432,1850.0
2433,1850.0
2434,1850.0
2435,1855.0
2436,1857.0
2437,1862.0
2438,1862.0
2439,1865.0
2440,1865.0
2441,1868.0
2442,1868.0
2443,1873.0
2444,1874.0
2445,1875.0
2446,1875.0
2447,1875.0
2448,1875.0
2449,1875.0
2450,1875.0
2451,1875.0
2452,1875.0
2453,1875.0
2454,1875.0
2455,1880.0
2456,1880.0
2457,1880.0
2458,1884.0
2459,1886.0
2460,1888.0
2461,1890.0
2462,1895.0
2463,1895.0
2464,1895.0
2465,1895.0
2466,1895.0
2467,1897.0
2468,1898.0
2469,1898.0
2470,1899.0
2471,1899.0
2472,1899.0
2473,1900.0
2474,1900.0
2475,1900.0
2476,1900.0
2477,1900.0
2478,1900.0
2479,1900.0
2480,1900.0
2481,1900.0
2482,1900.0
2483,1900.0
2484,1900.0
2485,1900.0
2486,1900.0
2487,1900.0
2488,1900.0
2489,1900.0
2490,1900.0
2491,1900.0
2492,1900.0
2493,1900.0
2494,1900.0
2495,1900.0
2496,1902.0
2497,1902.0
2498,1902.0
2499,1909.0
2500,1910.0
2501,1911.0
2502,1912.0
2503,1912.0
2504,1912.0
2505,1915.0
2506,1915.0
2507,1923.0
2508,1924.0
2509,1924.0
2510,1925.0
2511,1925.0
2512,1925.0
2513,1925.0
2514,1925.0
2515,1925.0
2516,1925.0
2517,1933.0
2518,1935.0
2519,1935.0
2520,1938.0
2521,1940.0
2522,1940.0
2523,1945.0
2524,1945.0
2525,1945.0
2526,1946.0
2527,1950.0
2528,1950.0
2529,1950.0
2530,1950.0
2531,1950.0
2532,1950.0
2533,1950.0
2534,1950.0
2535,1950.0
2536,1950.0
2537,1950.0
2538,1950.0
2539,1950.0
2540,1950.0
2541,1950.0
2542,1950.0
2543,1950.0
2544,1952.0
2545,1955.0
2546,1960.0
2547,1963.0
2548,1963.0
2549,1971.0
2550,1973.0
2551,1975.0
2552,1975.0
2553,1975.0
2554,1975.0
2555,1978.0
2556,1982.0
2557,1987.0
2558,1987.0
2559,1988.0
2560,1994.0
2561,1995.0
2562,1995.0
2563,1995.0
2564,1995.0
2565,1995.0
2566,1995.0
2567,1995.0
2568,1995.0
2569,1997.0
2570,1997.0
2571,1999.0
2572,1999.0
2573,1999.0
2574,1999.0
2575,2000.0
2576,2000.0
2577,2000.0
2578,2000.0
2579,2000.0
2580,2000.0
2581,2000.0
2582,2000.0
2583,2000.0
2584,2000.0
2585,2000.0
2586,2000.0
2587,2000.0
2588,2000.0
2589,2000.0
2590,2000.0
2591,2000.0
2592,2000.0
2593,2000.0
2594,2000.0
2595,2000.0
2596,2000.0
2597,2000.0
2598,2000.0
2599,2000.0
2600,2000.0
2601,2000.0
2602,2000.0
2603,2000.0
2604,2000.0
2605,2000.0
2606,2000.0
2607,2000.0
2608,2000.0
2609,2000.0
2610,2000.0
2611,2000.0
2612,2000.0
2613,2000.0
2614,2000.0
2615,2000.0
2616,2000.0
2617,2000.0
2618,2000.0
2619,2002.0
2620,2005.0
2621,2005.0
2622,2008.0
2623,2010.0
2624,2013.0
2625,2016.0
2626,2024.0
2627,2025.0
2628,2025.0
2629,2025.0
2630,2025.0
2631,2025.0
2632,2025.0
2633,2038.0
2634,2043.0
2635,2047.0
2636,2050.0
2637,2050.0
2638,2050.0
2639,2050.0
2640,2050.0
2641,2050.0
2642,2050.0
2643,2050.0
2644,2050.0
2645,2050.0
2646,2062.0
2647,2063.0
2648,2066.0
2649,2073.0
2650,2073.0
2651,2075.0
2652,2075.0
2653,2075.0
2654,2075.0
2655,2075.0
2656,2075.0
2657,2075.0
2658,2075.0
2659,2075.0
2660,2077.0
2661,2080.0
2662,2082.0
2663,2083.0
2664,2090.0
2665,2090.0
2666,2091.0
2667,2095.0
2668,2095.0
2669,2097.0
2670,2098.0
2671,2099.0
2672,2099.0
2673,2099.0
2674,2100.0
2675,2100.0
2676,2100.0
2677,2100.0
2678,2100.0
2679,2100.0
2680,2100.0
2681,2100.0
2682,2100.0
2683,2100.0
2684,2100.0
2685,2100.0
2686,2100.0
2687,2100.0
2688,2100.0
2689,2100.0
2690,2100.0
2691,2100.0
2692,2100.0
2693,2100.0
2694,2100.0
2695,2100.0
2696,2100.0
2697,2100.0
2698,2100.0
2699,2100.0
2700,2100.0
2701,2100.0
2702,2100.0
2703,2100.0
2704,2100.0
2705,2100.0
2706,2100.0
2707,2100.0
2708,2100.0
2709,2100.0
2710,2100.0
2711,2100.0
2712,2100.0
2713,2100.0
2714,2100.0
2715,2100.0
2716,2100.0
2717,2100.0
2718,2100.0
2719,2100.0
2720,2100.0
2721,2105.0
2722,2111.0
2723,2113.0
2724,2122.0
2725,2125.0
2726,2125.0
2727,2125.0
2728,2148.0
2729,2149.0
2730,2150.0
2731,2150.0
2732,2150.0
2733,2150.0
2734,2150.0
2735,2150.0
2736,2150.0
2737,2150.0
2738,2150.0
2739,2150.0
2740,2150.0
2741,2150.0
2742,2165.0
2743,2169.0
2744,2170.0
2745,2175.0
2746,2175.0
2747,2175.0
2748,2175.0
2749,2175.0
2750,2177.0
2751,2185.0
2752,2188.0
2753,2188.0
2754,2190.0
2755,2193.0
2756,2195.0
2757,2195.0
2758,2195.0
2759,2195.0
2760,2195.0
2761,2195.0
2762,2195.0
2763,2195.0
2764,2195.0
2765,2195.0
2766,2195.0
2767,2195.0
2768,2199.0
2769,2199.0
2770,2199.0
2771,2199.0
2772,2199.0
2773,2199.0
2774,2200.0
2775,2200.0
2776,2200.0
2777,2200.0
2778,2200.0
2779,2200.0
2780,2200.0
2781,2200.0
2782,2200.0
2783,2200.0
2784,2200.0
2785,2200.0
2786,2200.0
2787,2200.0
2788,2200.0
2789,2200.0
2790,2200.0
2791,2200.0
2792,2200.0
2793,2200.0
2794,2200.0
2795,2200.0
2796,2200.0
2797,2200.0
2798,2200.0
2799,2200.0
2800,2200.0
2801,2200.0
2802,2200.0
2803,2203.0
2804,2205.0
2805,2206.0
2806,2220.0
2807,2225.0
2808,2225.0
2809,2225.0
2810,2225.0
2811,2229.0
2812,2233.0
2813,2238.0
2814,2238.0
2815,2245.0
2816,2249.0
2817,2250.0
2818,2250.0
2819,2250.0
2820,2250.0
2821,2250.0
2822,2250.0
2823,2250.0
2824,2250.0
2825,2250.0
2826,2250.0
2827,2250.0
2828,2250.0
2829,2250.0
2830,2250.0
2831,2250.0
2832,2250.0
2833,2250.0
2834,2250.0
2835,2250.0
2836,2250.0
2837,2250.0
2838,2250.0
2839,2250.0
2840,2251.0
2841,2251.0
2842,2255.0
2843,2259.0
2844,2263.0
2845,2267.0
2846,2275.0
2847,2275.0
2848,2275.0
2849,2275.0
2850,2275.0
2851,2280.0
2852,2280.0
2853,2287.0
2854,2292.0
2855,2292.0
2856,2294.0
2857,2295.0
2858,2295.0
2859,2295.0
2860,2295.0
2861,2295.0
2862,2295.0
2863,2295.0
2864,2295.0
2865,2295.0
2866,2295.0
2867,2297.0
2868,2298.0
2869,2298.0
2870,2299.0
2871,2299.0
2872,2299.0
2873,2300.0
2874,2300.0
2875,2300.0
2876,2300.0
2877,2300.0
2878,2300.0
2879,2300.0
2880,2300.0
2881,2300.0
2882,2300.0
2883,2300.0
2884,2300.0
2885,2300.0
2886,2300.0
2887,2300.0
2888,2300.0
2889,2303.0
2890,2314.0
2891,2315.0
2892,2318.0
2893,2330.0
2894,2333.0
2895,2333.0
2896,2333.0
2897,2335.0
2898,2345.0
2899,2348.0
2900,2350.0
2901,2350.0
2902,2350.0
2903,2350.0
2904,2350.0
2905,2365.0
2906,2375.0
2907,2375.0
2908,2375.0
2909,2378.0
2910,2381.0
2911,2388.0
2912,2389.0
2913,2389.0
2914,2390.0
2915,2395.0
2916,2395.0
2917,2395.0
2918,2396.0
2919,2398.0
2920,2398.0
2921,2399.0
2922,2399.0
2923,2399.0
2924,2399.0
2925,2400.0
2926,2400.0
2927,2400.0
2928,2400.0
2929,2400.0
2930,2400.0
2931,2400.0
2932,2400.0
2933,2400.0
2934,2400.0
2935,2400.0
2936,2400.0
2937,2400.0
2938,2400.0
2939,2400.0
2940,2400.0
2941,2425.0
2942,2433.0
2943,2440.0
2944,2450.0
2945,2450.0
2946,2450.0
2947,2450.0
2948,2450.0
2949,2473.0
2950,2474.0
2951,2475.0
2952,2475.0
2953,2475.0
2954,2495.0
2955,2495.0
2956,2495.0
2957,2495.0
2958,2499.0
2959,2499.0
2960,2499.0
2961,2499.0
2962,2499.0
2963,2500.0
2964,2500.0
2965,2500.0
2966,2500.0
2967,2500.0
2968,2500.0
2969,2500.0
2970,2500.0
2971,2500.0
2972,2500.0
2973,2500.0
2974,2500.0
2975,2500.0
2976,2500.0
2977,2500.0
2978,2500.0
2979,2500.0
2980,2500.0
2981,2500.0
2982,2500.0
2983,2500.0
2984,2500.0
2985,2500.0
2986,2500.0
2987,2500.0
2988,2500.0
2989,2500.0
2990,2500.0
2991,2500.0
2992,2500.0
2993,2500.0
2994,2515.0
2995,2525.0
2996,2525.0
2997,2533.0
2998,2537.0
2999,2537.0
3000,2537.0
3001,2540.0
3002,2550.0
3003,2550.0
3004,2550.0
3005,2550.0
3006,2550.0
3007,2550.0
3008,2550.0
3009,2550.0
3010,2571.0
3011,2575.0
3012,2580.0
3013,2590.0
3014,2590.0
3015,2595.0
3016,2595.0
3017,2600.0
3018,2600.0
3019,2600.0
3020,2600.0
3021,2600.0
3022,2600.0
3023,2600.0
3024,2600.0
3025,2600.0
3026,2600.0
3027,2613.0
3028,2625.0
3029,2640.0
3030,2649.0
3031,2650.0
3032,2650.0
3033,2650.0
3034,2650.0
3035,2650.0
3036,2650.0
3037,2650.0
3038,2650.0
3039,2650.0
3040,2670.0
3041,2675.0
3042,2684.0
3043,2688.0
3044,2695.0
3045,2695.0
3046,2695.0
3047,2698.0
3048,2699.0
3049,2700.0
3050,2700.0
3051,2700.0
3052,2700.0
3053,2700.0
3054,2700.0
3055,2700.0
3056,2700.0
3057,2700.0
3058,2700.0
3059,2700.0
3060,2700.0
3061,2700.0
3062,2700.0
3063,2700.0
3064,2700.0
3065,2700.0
3066,2706.0
3067,2717.0
3068,2722.0
3069,2725.0
3070,2725.0
3071,2729.0
3072,2743.0
3073,2749.0
3074,2750.0
3075,2750.0
3076,2750.0
3077,2750.0
3078,2750.0
3079,2750.0
3080,2750.0
3081,2750.0
3082,2772.0
3083,2781.0
3084,2783.0
3085,2795.0
3086,2796.0
3087,2799.0
3088,2799.0
3089,2800.0
3090,2800.0
3091,2800.0
3092,2800.0
3093,2800.0
3094,2800.0
3095,2800.0
3096,2800.0
3097,2800.0
3098,2800.0
3099,2800.0
3100,2800.0
3101,2800.0
3102,2800.0
3103,2800.0
3104,2800.0
3105,2800.0
3106,2800.0
3107,2800.0
3108,2800.0
3109,2800.0
3110,2800.0
3111,2820.0
3112,2825.0
3113,2831.0
3114,2833.0
3115,2840.0
3116,2844.0
3117,2850.0
3118,2850.0
3119,2850.0
3120,2850.0
3121,2850.0
3122,2850.0
3123,2850.0
3124,2850.0
3125,2853.0
3126,2872.0
3127,2875.0
3128,2880.0
3129,2888.0
3130,2889.0
3131,2895.0
3132,2896.0
3133,2899.0
3134,2900.0
3135,2900.0
3136,2900.0
3137,2900.0
3138,2900.0
3139,2900.0
3140,2900.0
3141,2900.0
3142,2900.0
3143,2900.0
3144,2900.0
3145,2900.0
3146,2905.0
3147,2910.0
3148,2916.0
3149,2917.0
3150,2921.0
3151,2925.0
3152,2925.0
3153,2933.0
3154,2934.0
3155,2935.0
3156,2942.0
3157,2950.0
3158,2950.0
3159,2950.0
3160,2952.0
3161,2954.0
3162,2971.0
3163,2975.0
3164,2977.0
3165,2978.0
3166,2985.0
3167,2990.0
3168,2994.0
3169,2995.0
3170,2995.0
3171,2995.0
3172,2995.0
3173,2995.0
3174,2995.0
3175,2995.0
3176,2995.0
3177,2995.0
3178,2999.0
3179,2999.0
3180,3000.0
3181,3000.0
3182,3000.0
3183,3000.0
3184,3000.0
3185,3000.0
3186,3000.0
3187,3000.0
3188,3000.0
3189,3000.0
3190,3000.0
3191,3000.0
3192,3000.0
3193,3000.0
3194,3000.0
3195,3000.0
3196,3000.0
3197,3000.0
3198,3000.0
3199,3000.0
3200,3000.0
3201,3002.0
3202,3025.0
3203,3047.0
3204,3050.0
3205,3050.0
3206,3050.0
3207,3058.0
3208,3071.0
3209,3078.0
3210,3081.0
3211,3092.0
3212,3099.0
3213,3100.0
3214,3100.0
3215,3100.0
3216,3100.0
3217,3100.0
3218,3100.0
3219,3100.0
3220,3100.0
3221,3106.0
3222,3116.0
3223,3125.0
3224,3125.0
3225,3132.0
3226,3138.0
3227,3140.0
3228,3143.0
3229,3150.0
3230,3150.0
3231,3150.0
3232,3151.0
3233,3154.0
3234,3155.0
3235,3163.0
3236,3163.0
3237,3163.0
3238,3170.0
3239,3175.0
3240,3175.0
3241,3185.0
3242,3188.0
3243,3190.0
3244,3192.0
3245,3198.0
3246,3199.0
3247,3200.0
3248,3200.0
3249,3200.0
3250,3200.0
3251,3200.0
3252,3200.0
3253,3200.0
3254,3200.0
3255,3200.0
3256,3200.0
3257,3200.0
3258,3200.0
3259,3200.0
3260,3200.0
3261,3200.0
3262,3200.0
3263,3200.0
3264,3200.0
3265,3200.0
3266,3200.0
3267,3200.0
3268,3200.0
3269,3200.0
3270,3200.0
3271,3200.0
3272,3200.0
3273,3225.0
3274,3225.0
3275,3228.0
3276,3235.0
3277,3240.0
3278,3240.0
3279,3240.0
3280,3243.0
3281,3245.0
3282,3250.0
3283,3250.0
3284,3250.0
3285,3250.0
3286,3250.0
3287,3250.0
3288,3250.0
3289,3263.0
3290,3275.0
3291,3275.0
3292,3285.0
3293,3295.0
3294,3295.0
3295,3295.0
3296,3295.0
3297,3298.0
3298,3299.0
3299,3299.0
3300,3300.0
3301,3300.0
3302,3300.0
3303,3300.0
3304,3300.0
3305,3300.0
3306,3300.0
3307,3300.0
3308,3300.0
3309,3300.0
3310,3301.0
3311,3316.0
3312,3320.0
3313,3329.0
3314,3330.0
3315,3348.0
3316,3350.0
3317,3350.0
3318,3350.0
3319,3355.0
3320,3367.0
3321,3375.0
3322,3395.0
3323,3395.0
3324,3399.0
3325,3400.0
3326,3400.0
3327,3400.0
3328,3400.0
3329,3400.0
3330,3400.0
3331,3400.0
3332,3400.0
3333,3424.0
3334,3425.0
3335,3425.0
3336,3440.0
3337,3450.0
3338,3450.0
3339,3450.0
3340,3460.0
3341,3465.0
3342,3470.0
3343,3473.0
3344,3475.0
3345,3478.0
3346,3485.0
3347,3495.0
3348,3495.0
3349,3499.0
3350,3500.0
3351,3500.0
3352,3500.0
3353,3500.0
3354,3500.0
3355,3500.0
3356,3500.0
3357,3500.0
3358,3500.0
3359,3500.0
3360,3500.0
3361,3500.0
3362,3500.0
3363,3500.0
3364,3500.0
3365,3500.0
3366,3500.0
3367,3514.0
3368,3521.0
3369,3526.0
3370,3540.0
3371,3550.0
3372,3550.0
3373,3554.0
3374,3571.0
3375,3575.0
3376,3595.0
3377,3600.0
3378,3600.0
3379,3600.0
3380,3640.0
3381,3642.0
3382,3647.0
3383,3648.0
3384,3650.0
3385,3664.0
3386,3695.0
3387,3695.0
3388,3695.0
3389,3700.0
3390,3700.0
3391,3700.0
3392,3750.0
3393,3750.0
3394,3750.0
3395,3750.0
3396,3750.0
3397,3754.0
3398,3758.0
3399,3769.0
3400,3770.0
3401,3785.0
3402,3786.0
3403,3795.0
3404,3795.0
3405,3795.0
3406,3800.0
3407,3800.0
3408,3800.0
3409,3850.0
3410,3850.0
3411,3872.0
3412,3885.0
3413,3892.0
3414,3895.0
3415,3902.0
3416,3908.0
3417,3910.0
3418,3910.0
3419,3920.0
3420,3945.0
3421,3950.0
3422,3950.0
3423,3950.0
3424,3980.0
3425,3983.0
3426,3990.0
3427,3992.0
3428,3995.0
3429,3995.0
3430,3999.0
3431,4000.0
3432,4000.0
3433,4000.0
3434,4000.0
3435,4034.0
3436,4050.0
3437,4064.0
3438,4090.0
3439,4095.0
3440,4095.0
3441,4100.0
3442,4100.0
3443,4103.0
3444,4125.0
3445,4127.0
3446,4139.0
3447,4149.0
3448,4151.0
3449,4165.0
3450,4171.0
3451,4172.0
3452,4175.0
3453,4185.0
3454,4190.0
3455,4200.0
3456,4200.0
3457,4200.0
3458,4200.0
3459,4206.0
3460,4216.0
3461,4232.0
3462,4285.0
3463,4295.0
3464,4298.0
3465,4332.0
3466,4416.0
3467,4448.0
3468,4490.0
3469,4495.0
3470,4495.0
3471,4498.0
3472,4498.0
3473,4500.0
3474,4500.0
3475,4500.0
3476,4500.0
3477,4500.0
3478,4538.0
3479,4704.0
3480,4795.0
3481,4833.0
3482,4935.0
3483,4950.0
3484,5070.0
3485,5095.0
3486,5325.0
3487,5450.0
3488,6093.0
3489,6185.0
3490,6185.0
3491,6400.0
3492,6500.0
3493,6500.0
3494,6525.0
3495,6600.0
3496,6650.0
3497,6750.0
3498,6794.0
3499,6795.0
3500,6800.0
3501,6850.0
3502,6900.0
3503,6950.0
3504,7000.0
3505,7000.0
3506,7095.0
3507,7475.0
3508,7575.0
3509,7950.0
3510,7998.0
3511,8100.0
3512,1375.0
3513,1495.0
3514,1545.0
3515,1550.0
3516,1550.0
3517,1550.0
3518,1550.0
3519,1558.0
3520,1563.0
3521,1595.0
3522,1598.0
3523,1600.0
3524,1603.0
3525,1616.0
3526,1625.0
3527,1625.0
3528,1625.0
3529,1625.0
3530,1625.0
3531,1638.0
3532,1638.0
3533,1638.0
3534,1649.0
3535,1650.0
3536,1650.0
3537,1650.0
3538,1650.0
3539,1650.0
3540,1650.0
3541,1650.0
3542,1650.0
3543,1662.0
3544,1669.0
3545,1673.0
3546,1675.0
3547,1685.0
3548,1692.0
3549,1695.0
3550,1695.0
3551,1695.0
3552,1695.0
3553,1696.0
3554,1697.0
3555,1698.0
3556,1698.0
3557,1699.0
3558,1699.0
3559,1699.0
3560,1700.0
3561,1700.0
3562,1700.0
3563,1700.0
3564,1700.0
3565,1700.0
3566,1700.0
3567,1700.0
3568,1700.0
3569,1700.0
3570,1700.0
3571,1700.0
3572,1713.0
3573,1713.0
3574,1721.0
3575,1723.0
3576,1725.0
3577,1725.0
3578,1725.0
3579,1725.0
3580,1725.0
3581,1725.0
3582,1725.0
3583,1725.0
3584,1725.0
3585,1725.0
3586,1725.0
3587,1725.0
3588,1725.0
3589,1725.0
3590,1725.0
3591,1725.0
3592,1725.0
3593,1733.0
3594,1738.0
3595,1738.0
3596,1738.0
3597,1738.0
3598,1749.0
3599,1749.0
3600,1749.0
3601,1750.0
3602,1750.0
3603,1750.0
3604,1750.0
3605,1750.0
3606,1750.0
3607,1750.0
3608,1750.0
3609,1750.0
3610,1750.0
3611,1750.0
3612,1750.0
3613,1750.0
3614,1750.0
3615,1750.0
3616,1750.0
3617,1750.0
3618,1750.0
3619,1750.0
3620,1750.0
3621,1750.0
3622,1750.0
3623,1750.0
3624,1750.0
3625,1758.0
3626,1773.0
3627,1775.0
3628,1775.0
3629,1775.0
3630,1775.0
3631,1775.0
3632,1775.0
3633,1775.0
3634,1775.0
3635,1775.0
3636,1785.0
3637,1795.0
3638,1795.0
3639,1795.0
3640,1795.0
3641,1795.0
3642,1795.0
3643,1795.0
3644,1795.0
3645,1795.0
3646,1796.0
3647,1797.0
3648,1799.0
3649,1799.0
3650,1799.0
3651,1799.0
3652,1799.0
3653,1800.0
3654,1800.0
3655,1800.0
3656,1800.0
3657,1800.0
3658,1800.0
3659,1800.0
3660,1800.0
3661,1800.0
3662,1800.0
3663,1800.0
3664,1800.0
3665,1800.0
3666,1800.0
3667,1800.0
3668,1800.0
3669,1800.0
3670,1800.0
3671,1800.0
3672,1800.0
3673,1800.0
3674,1800.0
3675,1800.0
3676,1800.0
3677,1800.0
3678,1800.0
3679,1800.0
3680,1800.0
3681,1800.0
3682,1800.0
3683,1800.0
3684,1800.0
3685,1800.0
3686,1800.0
3687,1800.0
3688,1800.0
3689,1800.0
3690,1800.0
3691,1810.0
3692,1812.0
3693,1815.0
3694,1825.0
3695,1825.0
3696,1825.0
3697,1825.0
3698,1825.0
3699,1825.0
3700,1828.0
3701,1830.0
3702,1833.0
3703,1838.0
3704,1838.0
3705,1838.0
3706,1838.0
3707,1838.0
3708,1845.0
3709,1848.0
3710,1848.0
3711,1848.0
3712,1849.0
3713,1849.0
3714,1849.0
3715,1850.0
3716,1850.0
3717,1850.0
3718,1850.0
3719,1850.0
3720,1850.0
3721,1850.0
3722,1850.0
3723,1850.0
3724,1850.0
3725,1850.0
3726,1850.0
3727,1850.0
3728,1850.0
3729,1850.0
3730,1850.0
3731,1850.0
3732,1850.0
3733,1850.0
3734,1850.0
3735,1850.0
3736,1850.0
3737,1850.0
3738,1850.0
3739,1850.0
3740,1850.0
3741,1850.0
3742,1850.0
3743,1850.0
3744,1850.0
3745,1850.0
3746,1850.0
3747,1850.0
3748,1850.0
3749,1850.0
3750,1850.0
3751,1852.0
3752,1856.0
3753,1860.0
3754,1860.0
3755,1862.0
3756,1863.0
3757,1863.0
3758,1869.0
3759,1875.0
3760,1875.0
3761,1875.0
3762,1875.0
3763,1875.0
3764,1875.0
3765,1875.0
3766,1875.0
3767,1875.0
3768,1875.0
3769,1880.0
3770,1880.0
3771,1883.0
3772,1885.0
3773,1888.0
3774,1888.0
3775,1888.0
3776,1894.0
3777,1895.0
3778,1895.0
3779,1895.0
3780,1895.0
3781,1898.0
3782,1899.0
3783,1899.0
3784,1899.0
3785,1899.0
3786,1900.0
3787,1900.0
3788,1900.0
3789,1900.0
3790,1900.0
3791,1900.0
3792,1900.0
3793,1900.0
3794,1900.0
3795,1900.0
3796,1900.0
3797,1900.0
3798,1900.0
3799,1900.0
3800,1900.0
3801,1900.0
3802,1900.0
3803,1900.0
3804,1900.0
3805,1900.0
3806,1900.0
3807,1900.0
3808,1900.0
3809,1900.0
3810,1900.0
3811,1900.0
3812,1900.0
3813,1900.0
3814,1900.0
3815,1900.0
3816,1902.0
3817,1902.0
3818,1904.0
3819,1904.0
3820,1905.0
3821,1910.0
3822,1913.0
3823,1913.0
3824,1913.0
3825,1915.0
3826,1915.0
3827,1916.0
3828,1923.0
3829,1925.0
3830,1925.0
3831,1925.0
3832,1928.0
3833,1930.0
3834,1935.0
3835,1936.0
3836,1938.0
3837,1940.0
3838,1945.0
3839,1948.0
3840,1949.0
3841,1950.0
3842,1950.0
3843,1950.0
3844,1950.0
3845,1950.0
3846,1950.0
3847,1950.0
3848,1950.0
3849,1950.0
3850,1950.0
3851,1950.0
3852,1950.0
3853,1950.0
3854,1950.0
3855,1950.0
3856,1950.0
3857,1950.0
3858,1950.0
3859,1950.0
3860,1950.0
3861,1950.0
3862,1950.0
3863,1950.0
3864,1950.0
3865,1950.0
3866,1950.0
3867,1950.0
3868,1950.0
3869,1958.0
3870,1960.0
3871,1960.0
3872,1965.0
3873,1975.0
3874,1975.0
3875,1975.0
3876,1975.0
3877,1975.0
3878,1975.0
3879,1976.0
3880,1985.0
3881,1987.0
3882,1990.0
3883,1993.0
3884,1993.0
3885,1995.0
3886,1995.0
3887,1995.0
3888,1995.0
3889,1995.0
3890,1995.0
3891,1995.0
3892,1995.0
3893,1995.0
3894,1995.0
3895,1995.0
3896,1995.0
3897,1997.0
3898,1997.0
3899,1998.0
3900,1999.0
3901,1999.0
3902,1999.0
3903,1999.0
3904,1999.0
3905,1999.0
3906,1999.0
3907,1999.0
3908,1999.0
3909,2000.0
3910,2000.0
3911,2000.0
3912,2000.0
3913,2000.0
3914,2000.0
3915,2000.0
3916,2000.0
3917,2000.0
3918,2000.0
3919,2000.0
3920,2000.0
3921,2000.0
3922,2000.0
3923,2000.0
3924,2000.0
3925,2000.0
3926,2000.0
3927,2000.0
3928,2000.0
3929,2000.0
3930,2000.0
3931,2000.0
3932,2000.0
3933,2000.0
3934,2000.0
3935,2000.0
3936,2000.0
3937,2000.0
3938,2000.0
3939,2000.0
3940,2000.0
3941,2000.0
3942,2000.0
3943,2000.0
3944,2000.0
3945,2000.0
3946,2000.0
3947,2000.0
3948,2000.0
3949,2000.0
3950,2000.0
3951,2000.0
3952,2000.0
3953,2000.0
3954,2000.0
3955,2000.0
3956,2000.0
3957,2000.0
3958,2011.0
3959,2012.0
3960,2017.0
3961,2018.0
3962,2021.0
3963,2025.0
3964,2025.0
3965,2025.0
3966,2036.0
3967,2038.0
3968,2045.0
3969,2048.0
3970,2050.0
3971,2050.0
3972,2050.0
3973,2050.0
3974,2050.0
3975,2050.0
3976,2050.0
3977,2050.0
3978,2050.0
3979,2050.0
3980,2050.0
3981,2050.0
3982,2054.0
3983,2056.0
3984,2060.0
3985,2061.0
3986,2063.0
3987,2065.0
3988,2075.0
3989,2075.0
3990,2075.0
3991,2095.0
3992,2095.0
3993,2095.0
3994,2095.0
3995,2096.0
3996,2098.0
3997,2099.0
3998,2099.0
3999,2100.0
4000,2100.0
4001,2100.0
4002,2100.0
4003,2100.0
4004,2100.0
4005,2100.0
4006,2100.0
4007,2100.0
4008,2100.0
4009,2100.0
4010,2100.0
4011,2100.0
4012,2100.0
4013,2100.0
4014,2100.0
4015,2100.0
4016,2100.0
4017,2100.0
4018,2100.0
4019,2100.0
4020,2100.0
4021,2100.0
4022,2100.0
4023,2100.0
4024,2100.0
4025,2100.0
4026,2100.0
4027,2100.0
4028,2100.0
4029,2100.0
4030,2100.0
4031,2100.0
4032,2100.0
4033,2100.0
4034,2100.0
4035,2100.0
4036,2100.0
4037,2100.0
4038,2100.0
4039,2100.0
4040,2108.0
4041,2116.0
4042,2119.0
4043,2119.0
4044,2119.0
4045,2119.0
4046,2123.0
4047,2125.0
4048,2125.0
4049,2125.0
4050,2125.0
4051,2125.0
4052,2149.0
4053,2150.0
4054,2150.0
4055,2150.0
4056,2150.0
4057,2150.0
4058,2150.0
4059,2150.0
4060,2150.0
4061,2150.0
4062,2157.0
4063,2163.0
4064,2163.0
4065,2163.0
4066,2170.0
4067,2170.0
4068,2170.0
4069,2180.0
4070,2180.0
4071,2185.0
4072,2185.0
4073,2195.0
4074,2195.0
4075,2195.0
4076,2195.0
4077,2198.0
4078,2199.0
4079,2199.0
4080,2199.0
4081,2199.0
4082,2199.0
4083,2199.0
4084,2199.0
4085,2199.0
4086,2199.0
4087,2199.0
4088,2200.0
4089,2200.0
4090,2200.0
4091,2200.0
4092,2200.0
4093,2200.0
4094,2200.0
4095,2200.0
4096,2200.0
4097,2200.0
4098,2200.0
4099,2200.0
4100,2200.0
4101,2200.0
4102,2200.0
4103,2200.0
4104,2200.0
4105,2200.0
4106,2200.0
4107,2200.0
4108,2200.0
4109,2200.0
4110,2200.0
4111,2200.0
4112,2200.0
4113,2200.0
4114,2200.0
4115,2200.0
4116,2200.0
4117,2200.0
4118,2200.0
4119,2200.0
4120,2200.0
4121,2200.0
4122,2200.0
4123,2200.0
4124,2200.0
4125,2200.0
4126,2200.0
4127,2200.0
4128,2209.0
4129,2213.0
4130,2215.0
4131,2220.0
4132,2223.0
4133,2225.0
4134,2225.0
4135,2239.0
4136,2248.0
4137,2248.0
4138,2248.0
4139,2250.0
4140,2250.0
4141,2250.0
4142,2250.0
4143,2250.0
4144,2250.0
4145,2250.0
4146,2250.0
4147,2250.0
4148,2250.0
4149,2250.0
4150,2250.0
4151,2250.0
4152,2250.0
4153,2250.0
4154,2250.0
4155,2250.0
4156,2250.0
4157,2250.0
4158,2250.0
4159,2250.0
4160,2250.0
4161,2260.0
4162,2260.0
4163,2262.0
4164,2263.0
4165,2275.0
4166,2275.0
4167,2275.0
4168,2275.0
4169,2275.0
4170,2290.0
4171,2290.0
4172,2292.0
4173,2293.0
4174,2295.0
4175,2295.0
4176,2295.0
4177,2299.0
4178,2299.0
4179,2299.0
4180,2300.0
4181,2300.0
4182,2300.0
4183,2300.0
4184,2300.0
4185,2300.0
4186,2300.0
4187,2300.0
4188,2300.0
4189,2300.0
4190,2300.0
4191,2300.0
4192,2300.0
4193,2300.0
4194,2300.0
4195,2300.0
4196,2300.0
4197,2300.0
4198,2300.0
4199,2300.0
4200,2300.0
4201,2300.0
4202,2300.0
4203,2300.0
4204,2300.0
4205,2300.0
4206,2313.0
4207,2318.0
4208,2325.0
4209,2329.0
4210,2330.0
4211,2350.0
4212,2350.0
4213,2350.0
4214,2350.0
4215,2350.0
4216,2350.0
4217,2350.0
4218,2350.0
4219,2350.0
4220,2350.0
4221,2350.0
4222,2350.0
4223,2350.0
4224,2354.0
4225,2368.0
4226,2383.0
4227,2395.0
4228,2395.0
4229,2395.0
4230,2398.0
4231,2398.0
4232,2399.0
4233,2399.0
4234,2399.0
4235,2399.0
4236,2399.0
4237,2399.0
4238,2399.0
4239,2400.0
4240,2400.0
4241,2400.0
4242,2400.0
4243,2400.0
4244,2400.0
4245,2400.0
4246,2400.0
4247,2400.0
4248,2400.0
4249,2400.0
4250,2400.0
4251,2400.0
4252,2400.0
4253,2400.0
4254,2400.0
4255,2400.0
4256,2400.0
4257,2400.0
4258,2400.0
4259,2409.0
4260,2411.0
4261,2413.0
4262,2425.0
4263,2425.0
4264,2438.0
4265,2442.0
4266,2450.0
4267,2450.0
4268,2450.0
4269,2450.0
4270,2450.0
4271,2450.0
4272,2450.0
4273,2450.0
4274,2453.0
4275,2453.0
4276,2465.0
4277,2468.0
4278,2470.0
4279,2473.0
4280,2475.0
4281,2475.0
4282,2481.0
4283,2495.0
4284,2495.0
4285,2495.0
4286,2498.0
4287,2499.0
4288,2499.0
4289,2499.0
4290,2499.0
4291,2500.0
4292,2500.0
4293,2500.0
4294,2500.0
4295,2500.0
4296,2500.0
4297,2500.0
4298,2500.0
4299,2500.0
4300,2500.0
4301,2500.0
4302,2500.0
4303,2500.0
4304,2500.0
4305,2500.0
4306,2500.0
4307,2500.0
4308,2500.0
4309,2500.0
4310,2500.0
4311,2500.0
4312,2500.0
4313,2500.0
4314,2504.0
4315,2520.0
4316,2530.0
4317,2545.0
4318,2550.0
4319,2550.0
4320,2550.0
4321,2550.0
4322,2550.0
4323,2550.0
4324,2565.0
4325,2570.0
4326,2575.0
4327,2575.0
4328,2595.0
4329,2595.0
4330,2595.0
4331,2595.0
4332,2597.0
4333,2599.0
4334,2599.0
4335,2600.0
4336,2600.0
4337,2600.0
4338,2600.0
4339,2600.0
4340,2600.0
4341,2600.0
4342,2600.0
4343,2600.0
4344,2600.0
4345,2600.0
4346,2600.0
4347,2600.0
4348,2600.0
4349,2625.0
4350,2625.0
4351,2628.0
4352,2650.0
4353,2650.0
4354,2650.0
4355,2650.0
4356,2650.0
4357,2650.0
4358,2650.0
4359,2650.0
4360,2673.0
4361,2675.0
4362,2675.0
4363,2675.0
4364,2680.0
4365,2680.0
4366,2695.0
4367,2695.0
4368,2698.0
4369,2699.0
4370,2700.0
4371,2700.0
4372,2700.0
4373,2700.0
4374,2700.0
4375,2700.0
4376,2700.0
4377,2700.0
4378,2700.0
4379,2700.0
4380,2700.0
4381,2700.0
4382,2700.0
4383,2700.0
4384,2700.0
4385,2700.0
4386,2725.0
4387,2725.0
4388,2739.0
4389,2745.0
4390,2750.0
4391,2750.0
4392,2750.0
4393,2750.0
4394,2750.0
4395,2750.0
4396,2750.0
4397,2754.0
4398,2755.0
4399,2759.0
4400,2775.0
4401,2786.0
4402,2795.0
4403,2795.0
4404,2798.0
4405,2799.0
4406,2799.0
4407,2800.0
4408,2800.0
4409,2800.0
4410,2800.0
4411,2800.0
4412,2800.0
4413,2800.0
4414,2800.0
4415,2800.0
4416,2800.0
4417,2800.0
4418,2800.0
4419,2800.0
4420,2800.0
4421,2800.0
4422,2800.0
4423,2800.0
4424,2800.0
4425,2800.0
4426,2806.0
4427,2807.0
4428,2808.0
4429,2810.0
4430,2825.0
4431,2838.0
4432,2838.0
4433,2850.0
4434,2850.0
4435,2850.0
4436,2850.0
4437,2850.0
4438,2850.0
4439,2850.0
4440,2850.0
4441,2850.0
4442,2850.0
4443,2850.0
4444,2850.0
4445,2856.0
4446,2885.0
4447,2895.0
4448,2895.0
4449,2895.0
4450,2900.0
4451,2900.0
4452,2900.0
4453,2900.0
4454,2900.0
4455,2900.0
4456,2900.0
4457,2900.0
4458,2900.0
4459,2900.0
4460,2905.0
4461,2913.0
4462,2917.0
4463,2917.0
4464,2924.0
4465,2925.0
4466,2926.0
4467,2933.0
4468,2947.0
4469,2948.0
4470,2950.0
4471,2950.0
4472,2950.0
4473,2950.0
4474,2950.0
4475,2950.0
4476,2950.0
4477,2950.0
4478,2995.0
4479,2995.0
4480,2995.0
4481,3000.0
4482,3000.0
4483,3000.0
4484,3000.0
4485,3000.0
4486,3000.0
4487,3000.0
4488,3000.0
4489,3000.0
4490,3000.0
4491,3000.0
4492,3000.0
4493,3000.0
4494,3000.0
4495,3000.0
4496,3000.0
4497,3000.0
4498,3000.0
4499,3000.0
4500,3018.0
4501,3022.0
4502,3025.0
4503,3048.0
4504,3050.0
4505,3082.0
4506,3095.0
4507,3095.0
4508,3099.0
4509,3100.0
4510,3100.0
4511,3100.0
4512,3100.0
4513,3100.0
4514,3100.0
4515,3100.0
4516,3100.0
4517,3100.0
4518,3100.0
4519,3109.0
4520,3109.0
4521,3125.0
4522,3125.0
4523,3150.0
4524,3150.0
4525,3150.0
4526,3150.0
4527,3150.0
4528,3154.0
4529,3163.0
4530,3175.0
4531,3185.0
4532,3188.0
4533,3193.0
4534,3195.0
4535,3195.0
4536,3195.0
4537,3195.0
4538,3200.0
4539,3200.0
4540,3200.0
4541,3200.0
4542,3200.0
4543,3200.0
4544,3200.0
4545,3200.0
4546,3200.0
4547,3203.0
4548,3230.0
4549,3250.0
4550,3250.0
4551,3250.0
4552,3250.0
4553,3250.0
4554,3263.0
4555,3275.0
4556,3280.0
4557,3281.0
4558,3295.0
4559,3295.0
4560,3300.0
4561,3300.0
4562,3300.0
4563,3300.0
4564,3300.0
4565,3335.0
4566,3350.0
4567,3350.0
4568,3364.0
4569,3365.0
4570,3367.0
4571,3367.0
4572,3375.0
4573,3390.0
4574,3395.0
4575,3395.0
4576,3398.0
4577,3400.0
4578,3400.0
4579,3400.0
4580,3400.0
4581,3400.0
4582,3400.0
4583,3400.0
4584,3400.0
4585,3400.0
4586,3400.0
4587,3400.0
4588,3400.0
4589,3400.0
4590,3400.0
4591,3400.0
4592,3400.0
4593,3417.0
4594,3431.0
4595,3438.0
4596,3470.0
4597,3473.0
4598,3475.0
4599,3480.0
4600,3495.0
4601,3495.0
4602,3495.0
4603,3495.0
4604,3500.0
4605,3500.0
4606,3500.0
4607,3500.0
4608,3500.0
4609,3500.0
4610,3500.0
4611,3500.0
4612,3500.0
4613,3500.0
4614,3500.0
4615,3500.0
4616,3500.0
4617,3514.0
4618,3525.0
4619,3565.0
4620,3573.0
4621,3597.0
4622,3600.0
4623,3600.0
4624,3600.0
4625,3600.0
4626,3600.0
4627,3600.0
4628,3600.0
4629,3600.0
4630,3600.0
4631,3610.0
4632,3612.0
4633,3650.0
4634,3650.0
4635,3650.0
4636,3650.0
4637,3655.0
4638,3657.0
4639,3677.0
4640,3677.0
4641,3679.0
4642,3680.0
4643,3681.0
4644,3688.0
4645,3695.0
4646,3695.0
4647,3695.0
4648,3695.0
4649,3695.0
4650,3698.0
4651,3700.0
4652,3700.0
4653,3725.0
4654,3750.0
4655,3750.0
4656,3775.0
4657,3784.0
4658,3800.0
4659,3812.0
4660,3825.0
4661,3850.0
4662,3850.0
4663,3855.0
4664,3873.0
4665,3887.0
4666,3895.0
4667,3896.0
4668,3898.0
4669,3898.0
4670,3900.0
4671,3900.0
4672,3900.0
4673,3900.0
4674,3900.0
4675,3907.0
4676,3922.0
4677,3923.0
4678,3950.0
4679,3958.0
4680,3963.0
4681,3970.0
4682,3975.0
4683,3978.0
4684,3979.0
4685,3982.0
4686,3992.0
4687,3995.0
4688,3995.0
4689,3995.0
4690,3995.0
4691,3998.0
4692,4000.0
4693,4000.0
4694,4000.0
4695,4000.0
4696,4000.0
4697,4000.0
4698,4000.0
4699,4009.0
4700,4040.0
4701,4060.0
4702,4100.0
4703,4100.0
4704,4150.0
4705,4150.0
4706,4173.0
4707,4174.0
4708,4195.0
4709,4195.0
4710,4200.0
4711,4200.0
4712,4225.0
4713,4225.0
4714,4235.0
4715,4248.0
4716,4250.0
4717,4250.0
4718,4298.0
4719,4300.0
4720,4300.0
4721,4329.0
4722,4350.0
4723,4350.0
4724,4350.0
4725,4350.0
4726,4360.0
4727,4360.0
4728,4400.0
4729,4425.0
4730,4441.0
4731,4441.0
4732,4445.0
4733,4450.0
4734,4475.0
4735,4480.0
4736,4495.0
4737,4500.0
4738,4500.0
4739,4500.0
4740,4548.0
4741,4583.0
4742,4595.0
4743,4595.0
4744,4598.0
4745,4600.0
4746,4616.0
4747,4623.0
4748,4644.0
4749,4650.0
4750,4685.0
4751,4695.0
4752,4723.0
4753,4783.0
4754,4795.0
4755,4800.0
4756,4800.0
4757,4800.0
4758,4835.0
4759,4900.0
4760,5260.0
4761,5300.0
4762,5399.0
4763,5450.0
4764,5450.0
4765,5500.0
4766,5510.0
4767,5600.0
4768,5600.0
4769,5600.0
4770,5700.0
4771,5850.0
4772,5995.0
4773,6150.0
4774,6429.0
4775,6448.0
4776,6500.0
4777,6650.0
4778,6695.0
4779,6800.0
4780,6800.0
4781,6825.0
4782,6948.0
4783,7000.0
4784,7000.0
4785,7175.0
4786,7200.0
4787,7250.0
4788,7700.0
4789,7800.0
4790,8163.0
4791,8250.0
4792,8500.0
4793,8500.0
4794,8500.0
4795,8673.0
4796,1600.0
4797,1625.0
4798,1625.0
4799,1650.0
4800,1650.0
4801,1650.0
4802,1650.0
4803,1655.0
4804,1675.0
4805,1675.0
4806,1675.0
4807,1675.0
4808,1695.0
4809,1700.0
4810,1700.0
4811,1700.0
4812,1700.0
4813,1700.0
4814,1700.0
4815,1700.0
4816,1702.0
4817,1725.0
4818,1725.0
4819,1725.0
4820,1725.0
4821,1725.0
4822,1725.0
4823,1738.0
4824,1750.0
4825,1750.0
4826,1750.0
4827,1750.0
4828,1750.0
4829,1750.0
4830,1750.0
4831,1750.0
4832,1750.0
4833,1750.0
4834,1750.0
4835,1759.0
4836,1760.0
4837,1763.0
4838,1773.0
4839,1775.0
4840,1775.0
4841,1776.0
4842,1777.0
4843,1791.0
4844,1792.0
4845,1795.0
4846,1795.0
4847,1795.0
4848,1795.0
4849,1795.0
4850,1795.0
4851,1795.0
4852,1796.0
4853,1798.0
4854,1800.0
4855,1800.0
4856,1800.0
4857,1800.0
4858,1800.0
4859,1800.0
4860,1800.0
4861,1800.0
4862,1800.0
4863,1800.0
4864,1800.0
4865,1806.0
4866,1825.0
4867,1838.0
4868,1838.0
4869,1849.0
4870,1850.0
4871,1850.0
4872,1850.0
4873,1850.0
4874,1850.0
4875,1850.0
4876,1850.0
4877,1850.0
4878,1850.0
4879,1850.0
4880,1850.0
4881,1850.0
4882,1850.0
4883,1850.0
4884,1850.0
4885,1860.0
4886,1860.0
4887,1860.0
4888,1863.0
4889,1863.0
4890,1875.0
4891,1875.0
4892,1875.0
4893,1875.0
4894,1875.0
4895,1875.0
4896,1875.0
4897,1890.0
4898,1895.0
4899,1895.0
4900,1895.0
4901,1895.0
4902,1895.0
4903,1895.0
4904,1895.0
4905,1895.0
4906,1895.0
4907,1898.0
4908,1898.0
4909,1900.0
4910,1900.0
4911,1900.0
4912,1900.0
4913,1900.0
4914,1900.0
4915,1900.0
4916,1900.0
4917,1900.0
4918,1900.0
4919,1900.0
4920,1904.0
4921,1913.0
4922,1913.0
4923,1923.0
4924,1923.0
4925,1925.0
4926,1925.0
4927,1925.0
4928,1927.0
4929,1935.0
4930,1938.0
4931,1940.0
4932,1941.0
4933,1947.0
4934,1949.0
4935,1950.0
4936,1950.0
4937,1950.0
4938,1950.0
4939,1950.0
4940,1950.0
4941,1950.0
4942,1950.0
4943,1950.0
4944,1950.0
4945,1963.0
4946,1963.0
4947,1969.0
4948,1975.0
4949,1975.0
4950,1975.0
4951,1975.0
4952,1975.0
4953,1975.0
4954,1980.0
4955,1981.0
4956,1985.0
4957,1985.0
4958,1993.0
4959,1994.0
4960,1995.0
4961,1995.0
4962,1995.0
4963,1995.0
4964,1995.0
4965,1995.0
4966,1995.0
4967,1999.0
4968,1999.0
4969,1999.0
4970,1999.0
4971,2000.0
4972,2000.0
4973,2000.0
4974,2000.0
4975,2000.0
4976,2000.0
4977,2000.0
4978,2000.0
4979,2000.0
4980,2000.0
4981,2000.0
4982,2000.0
4983,2000.0
4984,2000.0
4985,2000.0
4986,2000.0
4987,2000.0
4988,2000.0
4989,2000.0
4990,2000.0
4991,2000.0
4992,2000.0
4993,2000.0
4994,2000.0
4995,2000.0
4996,2000.0
4997,2000.0
4998,2000.0
4999,2008.0
5000,2013.0
5001,2022.0
5002,2025.0
5003,2025.0
5004,2025.0
5005,2027.0
5006,2030.0
5007,2034.0
5008,2042.0
5009,2044.0
5010,2045.0
5011,2048.0
5012,2050.0
5013,2050.0
5014,2050.0
5015,2050.0
5016,2050.0
5017,2050.0
5018,2050.0
5019,2050.0
5020,2050.0
5021,2050.0
5022,2053.0
5023,2055.0
5024,2063.0
5025,2067.0
5026,2072.0
5027,2075.0
5028,2075.0
5029,2075.0
5030,2075.0
5031,2075.0
5032,2082.0
5033,2091.0
5034,2095.0
5035,2095.0
5036,2095.0
5037,2097.0
5038,2098.0
5039,2099.0
5040,2099.0
5041,2099.0
5042,2099.0
5043,2100.0
5044,2100.0
5045,2100.0
5046,2100.0
5047,2100.0
5048,2100.0
5049,2100.0
5050,2100.0
5051,2100.0
5052,2100.0
5053,2100.0
5054,2100.0
5055,2100.0
5056,2100.0
5057,2100.0
5058,2100.0
5059,2100.0
5060,2100.0
5061,2100.0
5062,2100.0
5063,2100.0
5064,2100.0
5065,2100.0
5066,2100.0
5067,2100.0
5068,2100.0
5069,2100.0
5070,2100.0
5071,2100.0
5072,2100.0
5073,2107.0
5074,2125.0
5075,2125.0
5076,2125.0
5077,2130.0
5078,2134.0
5079,2148.0
5080,2150.0
5081,2150.0
5082,2150.0
5083,2150.0
5084,2150.0
5085,2150.0
5086,2150.0
5087,2150.0
5088,2150.0
5089,2150.0
5090,2150.0
5091,2150.0
5092,2150.0
5093,2150.0
5094,2150.0
5095,2150.0
5096,2150.0
5097,2165.0
5098,2173.0
5099,2173.0
5100,2175.0
5101,2175.0
5102,2176.0
5103,2185.0
5104,2185.0
5105,2187.0
5106,2195.0
5107,2195.0
5108,2195.0
5109,2195.0
5110,2195.0
5111,2195.0
5112,2198.0
5113,2198.0
5114,2199.0
5115,2199.0
5116,2199.0
5117,2199.0
5118,2199.0
5119,2199.0
5120,2199.0
5121,2200.0
5122,2200.0
5123,2200.0
5124,2200.0
5125,2200.0
5126,2200.0
5127,2200.0
5128,2200.0
5129,2200.0
5130,2200.0
5131,2200.0
5132,2200.0
5133,2200.0
5134,2200.0
5135,2200.0
5136,2200.0
5137,2200.0
5138,2200.0
5139,2200.0
5140,2200.0
5141,2200.0
5142,2200.0
5143,2200.0
5144,2200.0
5145,2200.0
5146,2200.0
5147,2200.0
5148,2200.0
5149,2200.0
5150,2200.0
5151,2200.0
5152,2200.0
5153,2215.0
5154,2225.0
5155,2225.0
5156,2225.0
5157,2241.0
5158,2243.0
5159,2244.0
5160,2248.0
5161,2250.0
5162,2250.0
5163,2250.0
5164,2250.0
5165,2250.0
5166,2250.0
5167,2250.0
5168,2250.0
5169,2250.0
5170,2250.0
5171,2250.0
5172,2250.0
5173,2250.0
5174,2250.0
5175,2250.0
5176,2250.0
5177,2250.0
5178,2250.0
5179,2250.0
5180,2263.0
5181,2266.0
5182,2268.0
5183,2275.0
5184,2275.0
5185,2275.0
5186,2275.0
5187,2275.0
5188,2288.0
5189,2290.0
5190,2295.0
5191,2295.0
5192,2295.0
5193,2297.0
5194,2297.0
5195,2298.0
5196,2299.0
5197,2299.0
5198,2300.0
5199,2300.0
5200,2300.0
5201,2300.0
5202,2300.0
5203,2300.0
5204,2300.0
5205,2300.0
5206,2300.0
5207,2300.0
5208,2300.0
5209,2300.0
5210,2300.0
5211,2300.0
5212,2300.0
5213,2300.0
5214,2300.0
5215,2300.0
5216,2300.0
5217,2300.0
5218,2300.0
5219,2300.0
5220,2300.0
5221,2300.0
5222,2300.0
5223,2300.0
5224,2300.0
5225,2300.0
5226,2300.0
5227,2300.0
5228,2300.0
5229,2300.0
5230,2300.0
5231,2300.0
5232,2300.0
5233,2313.0
5234,2323.0
5235,2324.0
5236,2325.0
5237,2325.0
5238,2325.0
5239,2325.0
5240,2338.0
5241,2344.0
5242,2347.0
5243,2350.0
5244,2350.0
5245,2350.0
5246,2350.0
5247,2350.0
5248,2350.0
5249,2350.0
5250,2350.0
5251,2350.0
5252,2350.0
5253,2350.0
5254,2350.0
5255,2350.0
5256,2350.0
5257,2350.0
5258,2350.0
5259,2355.0
5260,2368.0
5261,2368.0
5262,2375.0
5263,2375.0
5264,2375.0
5265,2383.0
5266,2388.0
5267,2390.0
5268,2390.0
5269,2390.0
5270,2395.0
5271,2395.0
5272,2395.0
5273,2395.0
5274,2397.0
5275,2398.0
5276,2399.0
5277,2399.0
5278,2399.0
5279,2400.0
5280,2400.0
5281,2400.0
5282,2400.0
5283,2400.0
5284,2400.0
5285,2400.0
5286,2400.0
5287,2400.0
5288,2400.0
5289,2400.0
5290,2400.0
5291,2400.0
5292,2400.0
5293,2400.0
5294,2400.0
5295,2400.0
5296,2400.0
5297,2400.0
5298,2400.0
5299,2400.0
5300,2400.0
5301,2400.0
5302,2400.0
5303,2400.0
5304,2400.0
5305,2400.0
5306,2400.0
5307,2403.0
5308,2405.0
5309,2408.0
5310,2408.0
5311,2412.0
5312,2425.0
5313,2425.0
5314,2425.0
5315,2448.0
5316,2450.0
5317,2450.0
5318,2450.0
5319,2450.0
5320,2450.0
5321,2450.0
5322,2450.0
5323,2450.0
5324,2450.0
5325,2450.0
5326,2450.0
5327,2450.0
5328,2450.0
5329,2450.0
5330,2450.0
5331,2450.0
5332,2452.0
5333,2455.0
5334,2462.0
5335,2463.0
5336,2475.0
5337,2480.0
5338,2485.0
5339,2485.0
5340,2490.0
5341,2495.0
5342,2495.0
5343,2495.0
5344,2497.0
5345,2499.0
5346,2499.0
5347,2499.0
5348,2499.0
5349,2499.0
5350,2500.0
5351,2500.0
5352,2500.0
5353,2500.0
5354,2500.0
5355,2500.0
5356,2500.0
5357,2500.0
5358,2500.0
5359,2500.0
5360,2500.0
5361,2500.0
5362,2500.0
5363,2500.0
5364,2500.0
5365,2500.0
5366,2500.0
5367,2500.0
5368,2500.0
5369,2500.0
5370,2500.0
5371,2500.0
5372,2500.0
5373,2500.0
5374,2500.0
5375,2500.0
5376,2500.0
5377,2500.0
5378,2500.0
5379,2500.0
5380,2500.0
5381,2500.0
5382,2500.0
5383,2500.0
5384,2500.0
5385,2500.0
5386,2500.0
5387,2524.0
5388,2525.0
5389,2550.0
5390,2550.0
5391,2550.0
5392,2550.0
5393,2550.0
5394,2550.0
5395,2550.0
5396,2550.0
5397,2550.0
5398,2550.0
5399,2562.0
5400,2562.0
5401,2575.0
5402,2575.0
5403,2577.0
5404,2577.0
5405,2583.0
5406,2585.0
5407,2590.0
5408,2592.0
5409,2593.0
5410,2593.0
5411,2595.0
5412,2595.0
5413,2598.0
5414,2599.0
5415,2599.0
5416,2600.0
5417,2600.0
5418,2600.0
5419,2600.0
5420,2600.0
5421,2600.0
5422,2600.0
5423,2600.0
5424,2600.0
5425,2600.0
5426,2600.0
5427,2600.0
5428,2600.0
5429,2600.0
5430,2610.0
5431,2623.0
5432,2625.0
5433,2625.0
5434,2625.0
5435,2625.0
5436,2633.0
5437,2633.0
5438,2639.0
5439,2643.0
5440,2650.0
5441,2650.0
5442,2650.0
5443,2650.0
5444,2650.0
5445,2650.0
5446,2650.0
5447,2682.0
5448,2685.0
5449,2687.0
5450,2693.0
5451,2695.0
5452,2695.0
5453,2695.0
5454,2695.0
5455,2698.0
5456,2699.0
5457,2699.0
5458,2700.0
5459,2700.0
5460,2700.0
5461,2700.0
5462,2700.0
5463,2700.0
5464,2700.0
5465,2700.0
5466,2700.0
5467,2700.0
5468,2710.0
5469,2725.0
5470,2725.0
5471,2725.0
5472,2732.0
5473,2750.0
5474,2750.0
5475,2750.0
5476,2750.0
5477,2750.0
5478,2750.0
5479,2750.0
5480,2758.0
5481,2765.0
5482,2773.0
5483,2790.0
5484,2795.0
5485,2795.0
5486,2795.0
5487,2795.0
5488,2799.0
5489,2800.0
5490,2800.0
5491,2800.0
5492,2800.0
5493,2800.0
5494,2800.0
5495,2800.0
5496,2800.0
5497,2800.0
5498,2825.0
5499,2825.0
5500,2833.0
5501,2836.0
5502,2849.0
5503,2850.0
5504,2850.0
5505,2850.0
5506,2850.0
5507,2850.0
5508,2858.0
5509,2858.0
5510,2860.0
5511,2860.0
5512,2860.0
5513,2863.0
5514,2873.0
5515,2875.0
5516,2875.0
5517,2885.0
5518,2885.0
5519,2894.0
5520,2897.0
5521,2898.0
5522,2899.0
5523,2900.0
5524,2900.0
5525,2900.0
5526,2900.0
5527,2900.0
5528,2900.0
5529,2938.0
5530,2945.0
5531,2949.0
5532,2950.0
5533,2950.0
5534,2950.0
5535,2968.0
5536,2975.0
5537,2977.0
5538,2988.0
5539,2990.0
5540,2993.0
5541,2994.0
5542,2995.0
5543,2995.0
5544,2995.0
5545,3000.0
5546,3000.0
5547,3000.0
5548,3000.0
5549,3000.0
5550,3000.0
5551,3000.0
5552,3000.0
5553,3000.0
5554,3000.0
5555,3000.0
5556,3000.0
5557,3000.0
5558,3000.0
5559,3000.0
5560,3000.0
5561,3000.0
5562,3000.0
5563,3000.0
5564,3000.0
5565,3000.0
5566,3000.0
5567,3000.0
5568,3013.0
5569,3050.0
5570,3050.0
5571,3050.0
5572,3075.0
5573,3085.0
5574,3099.0
5575,3099.0
5576,3100.0
5577,3100.0
5578,3100.0
5579,3100.0
5580,3124.0
5581,3125.0
5582,3150.0
5583,3150.0
5584,3150.0
5585,3150.0
5586,3195.0
5587,3199.0
5588,3200.0
5589,3200.0
5590,3200.0
5591,3200.0
5592,3200.0
5593,3200.0
5594,3200.0
5595,3200.0
5596,3200.0
5597,3204.0
5598,3225.0
5599,3235.0
5600,3250.0
5601,3250.0
5602,3250.0
5603,3250.0
5604,3250.0
5605,3250.0
5606,3275.0
5607,3295.0
5608,3295.0
5609,3298.0
5610,3300.0
5611,3340.0
5612,3348.0
5613,3350.0
5614,3350.0
5615,3375.0
5616,3400.0
5617,3400.0
5618,3400.0
5619,3400.0
5620,3400.0
5621,3400.0
5622,3400.0
5623,3400.0
5624,3400.0
5625,3400.0
5626,3425.0
5627,3448.0
5628,3448.0
5629,3450.0
5630,3450.0
5631,3450.0
5632,3450.0
5633,3455.0
5634,3468.0
5635,3484.0
5636,3490.0
5637,3495.0
5638,3500.0
5639,3500.0
5640,3500.0
5641,3500.0
5642,3500.0
5643,3500.0
5644,3500.0
5645,3500.0
5646,3500.0
5647,3500.0
5648,3500.0
5649,3500.0
5650,3500.0
5651,3513.0
5652,3525.0
5653,3550.0
5654,3573.0
5655,3575.0
5656,3593.0
5657,3600.0
5658,3600.0
5659,3600.0
5660,3600.0
5661,3600.0
5662,3600.0
5663,3600.0
5664,3600.0
5665,3600.0
5666,3623.0
5667,3625.0
5668,3625.0
5669,3650.0
5670,3675.0
5671,3675.0
5672,3679.0
5673,3695.0
5674,3695.0
5675,3700.0
5676,3700.0
5677,3700.0
5678,3700.0
5679,3708.0
5680,3725.0
5681,3730.0
5682,3737.0
5683,3743.0
5684,3745.0
5685,3750.0
5686,3754.0
5687,3766.0
5688,3773.0
5689,3795.0
5690,3795.0
5691,3795.0
5692,3795.0
5693,3795.0
5694,3799.0
5695,3800.0
5696,3800.0
5697,3800.0
5698,3800.0
5699,3800.0
5700,3800.0
5701,3800.0
5702,3800.0
5703,3800.0
5704,3817.0
5705,3825.0
5706,3835.0
5707,3850.0
5708,3850.0
5709,3850.0
5710,3860.0
5711,3866.0
5712,3870.0
5713,3870.0
5714,3875.0
5715,3875.0
5716,3878.0
5717,3895.0
5718,3895.0
5719,3895.0
5720,3900.0
5721,3900.0
5722,3900.0
5723,3925.0
5724,3929.0
5725,3938.0
5726,3938.0
5727,3940.0
5728,3945.0
5729,3948.0
5730,3948.0
5731,3950.0
5732,3950.0
5733,3950.0
5734,3975.0
5735,3994.0
5736,3995.0
5737,3995.0
5738,3995.0
5739,3995.0
5740,3995.0
5741,3995.0
5742,3995.0
5743,3995.0
5744,3995.0
5745,3998.0
5746,3998.0
5747,3998.0
5748,3999.0
5749,3999.0
5750,3999.0
5751,4000.0
5752,4000.0
5753,4000.0
5754,4000.0
5755,4000.0
5756,4000.0
5757,4000.0
5758,4000.0
5759,4000.0
5760,4000.0
5761,4000.0
5762,4000.0
5763,4000.0
5764,4000.0
5765,4000.0
5766,4000.0
5767,4000.0
5768,4000.0
5769,4000.0
5770,4000.0
5771,4000.0
5772,4017.0
5773,4025.0
5774,4035.0
5775,4045.0
5776,4064.0
5777,4075.0
5778,4083.0
5779,4092.0
5780,4098.0
5781,4098.0
5782,4098.0
5783,4098.0
5784,4100.0
5785,4100.0
5786,4100.0
5787,4100.0
5788,4100.0
5789,4100.0
5790,4100.0
5791,4100.0
5792,4124.0
5793,4125.0
5794,4132.0
5795,4133.0
5796,4143.0
5797,4144.0
5798,4144.0
5799,4150.0
5800,4150.0
5801,4150.0
5802,4150.0
5803,4155.0
5804,4155.0
5805,4157.0
5806,4166.0
5807,4169.0
5808,4172.0
5809,4173.0
5810,4186.0
5811,4188.0
5812,4195.0
5813,4195.0
5814,4195.0
5815,4195.0
5816,4195.0
5817,4195.0
5818,4195.0
5819,4198.0
5820,4200.0
5821,4200.0
5822,4200.0
5823,4200.0
5824,4200.0
5825,4200.0
5826,4200.0
5827,4200.0
5828,4200.0
5829,4200.0
5830,4200.0
5831,4200.0
5832,4200.0
5833,4200.0
5834,4200.0
5835,4220.0
5836,4225.0
5837,4225.0
5838,4230.0
5839,4233.0
5840,4234.0
5841,4235.0
5842,4237.0
5843,4247.0
5844,4250.0
5845,4250.0
5846,4250.0
5847,4250.0
5848,4250.0
5849,4250.0
5850,4250.0
5851,4258.0
5852,4259.0
5853,4270.0
5854,4275.0
5855,4275.0
5856,4295.0
5857,4295.0
5858,4295.0
5859,4296.0
5860,4300.0
5861,4300.0
5862,4300.0
5863,4300.0
5864,4300.0
5865,4300.0
5866,4346.0
5867,4348.0
5868,4353.0
5869,4356.0
5870,4373.0
5871,4373.0
5872,4375.0
5873,4375.0
5874,4375.0
5875,4386.0
5876,4393.0
5877,4395.0
5878,4398.0
5879,4398.0
5880,4400.0
5881,4400.0
5882,4400.0
5883,4400.0
5884,4400.0
5885,4400.0
5886,4400.0
5887,4400.0
5888,4415.0
5889,4419.0
5890,4425.0
5891,4425.0
5892,4425.0
5893,4429.0
5894,4445.0
5895,4450.0
5896,4457.0
5897,4490.0
5898,4495.0
5899,4495.0
5900,4495.0
5901,4498.0
5902,4498.0
5903,4498.0
5904,4500.0
5905,4500.0
5906,4500.0
5907,4500.0
5908,4500.0
5909,4500.0
5910,4500.0
5911,4500.0
5912,4500.0
5913,4500.0
5914,4500.0
5915,4500.0
5916,4500.0
5917,4500.0
5918,4525.0
5919,4550.0
5920,4550.0
5921,4583.0
5922,4595.0
5923,4598.0
5924,4600.0
5925,4600.0
5926,4650.0
5927,4650.0
5928,4650.0
5929,4670.0
5930,4675.0
5931,4685.0
5932,4700.0
5933,4700.0
5934,4700.0
5935,4700.0
5936,4725.0
5937,4730.0
5938,4750.0
5939,4750.0
5940,4758.0
5941,4765.0
5942,4770.0
5943,4795.0
5944,4800.0
5945,4825.0
5946,4825.0
5947,4850.0
5948,4863.0
5949,4870.0
5950,4873.0
5951,4873.0
5952,4880.0
5953,4880.0
5954,4895.0
5955,4895.0
5956,4895.0
5957,4895.0
5958,4904.0
5959,4915.0
5960,4948.0
5961,4950.0
5962,4953.0
5963,4994.0
5964,4995.0
5965,4995.0
5966,4995.0
5967,4995.0
5968,4995.0
5969,4998.0
5970,4998.0
5971,4998.0
5972,5000.0
5973,5000.0
5974,5000.0
5975,5000.0
5976,5000.0
5977,5000.0
5978,5000.0
5979,5000.0
5980,5000.0
5981,5000.0
5982,5000.0
5983,5000.0
5984,5044.0
5985,5080.0
5986,5091.0
5987,5095.0
5988,5095.0
5989,5098.0
5990,5100.0
5991,5143.0
5992,5150.0
5993,5150.0
5994,5152.0
5995,5169.0
5996,5171.0
5997,5182.0
5998,5186.0
5999,5195.0
6000,5198.0
6001,5200.0
6002,5200.0
6003,5200.0
6004,5200.0
6005,5214.0
6006,5250.0
6007,5250.0
6008,5250.0
6009,5295.0
6010,5300.0
6011,5300.0
6012,5300.0
6013,5317.0
6014,5328.0
6015,5332.0
6016,5334.0
6017,5345.0
6018,5348.0
6019,5357.0
6020,5400.0
6021,5450.0
6022,5500.0
6023,5550.0
6024,5600.0
6025,5600.0
6026,5613.0
6027,5639.0
6028,5650.0
6029,5723.0
6030,5745.0
6031,5750.0
6032,5755.0
6033,5766.0
6034,5782.0
6035,5900.0
6036,5925.0
6037,5950.0
6038,5950.0
6039,5995.0
6040,5995.0
6041,5998.0
6042,6050.0
6043,6098.0
6044,6110.0
6045,6169.0
6046,6400.0
6047,6495.0
6048,6875.0
6049,6998.0
6050,6998.0
6051,7375.0
6052,7475.0
6053,7498.0
6054,7500.0
6055,7673.0
6056,7975.0
6057,8150.0
6058,8350.0
6059,8500.0
6060,8750.0
6061,8813.0
6062,8973.0
6063,9000.0
6064,9500.0
6065,9675.0
6066,10000.0
6067,10000.0
6068,10000.0
6069,10000.0
6070,10000.0
6071,10000.0
6072,10000.0
6073,11000.0
6074,11489.0
6075,11500.0